resource,Required,Optional,Optional+Computed,Computed-only
google_access_context_manager_access_level,4,41,0,0
google_access_context_manager_access_level_condition,1,17,0,0
google_access_context_manager_access_levels,6,55,0,0
google_access_context_manager_access_policy,0,1,0,0
google_access_context_manager_access_policy_iam_binding,2,1,0,0
google_access_context_manager_access_policy_iam_member,1,1,0,0
google_access_context_manager_access_policy_iam_policy,1,0,0,0
google_access_context_manager_authorized_orgs_desc,0,1,0,0
google_access_context_manager_egress_policy,1,0,0,0
google_access_context_manager_gcp_user_access_binding,0,25,0,0
google_access_context_manager_ingress_policy,1,0,0,0
google_access_context_manager_service_perimeter,0,238,0,0
google_access_context_manager_service_perimeter_dry_run_egress_policy,1,23,0,0
google_access_context_manager_service_perimeter_dry_run_ingress_policy,1,21,0,0
google_access_context_manager_service_perimeter_dry_run_resource,1,0,0,0
google_access_context_manager_service_perimeter_egress_policy,1,23,0,0
google_access_context_manager_service_perimeter_ingress_policy,1,21,0,0
google_access_context_manager_service_perimeter_resource,1,0,0,0
google_access_context_manager_service_perimeters,0,311,0,0
google_active_directory_domain,1,5,0,2
google_active_directory_domain_trust,2,1,0,0
google_active_directory_peering,0,3,0,2
google_alloydb_backup,1,6,0,7
google_alloydb_cluster,6,29,5,17
google_alloydb_instance,1,13,9,4
google_alloydb_user,1,1,0,0
google_api_gateway_api,0,3,0,2
google_api_gateway_api_config,6,9,0,2
google_api_gateway_api_config_iam_binding,2,1,0,0
google_api_gateway_api_config_iam_member,1,1,0,0
google_api_gateway_api_config_iam_policy,1,0,0,0
google_api_gateway_api_iam_binding,2,1,0,0
google_api_gateway_api_iam_member,1,1,0,0
google_api_gateway_api_iam_policy,1,0,0,0
google_api_gateway_gateway,1,3,0,2
google_api_gateway_gateway_iam_binding,2,1,0,0
google_api_gateway_gateway_iam_member,1,1,0,0
google_api_gateway_gateway_iam_policy,1,0,0,0
google_apigee_addons_config,0,11,0,0
google_apigee_api,0,4,0,2
google_apigee_api_deployment,0,0,0,0
google_apigee_api_product,0,63,0,0
google_apigee_app_group,0,1,0,0
google_apigee_control_plane_access,0,2,0,0
google_apigee_developer,0,1,0,0
google_apigee_developer_app,0,5,0,7
google_apigee_dns_zone,1,0,0,0
google_apigee_endpoint_attachment,0,0,0,0
google_apigee_env_keystore,0,0,0,1
google_apigee_env_references,0,0,0,0
google_apigee_envgroup,0,1,0,0
google_apigee_envgroup_attachment,0,0,0,0
google_apigee_environment,0,6,1,0
google_apigee_environment_addons_config,0,0,0,0
google_apigee_environment_api_revision_deployment,0,0,0,1
google_apigee_environment_iam_binding,2,1,0,0
google_apigee_environment_iam_member,1,1,0,0
google_apigee_environment_iam_policy,1,0,0,0
google_apigee_environment_keyvaluemaps,0,0,0,0
google_apigee_environment_keyvaluemaps_entries,0,0,0,0
google_apigee_flowhook,0,0,0,0
google_apigee_instance,0,1,2,0
google_apigee_instance_attachment,0,0,0,0
google_apigee_keystores_aliases_pkcs12,0,0,0,6
google_apigee_keystores_aliases_self_signed_cert,1,1,0,6
google_apigee_nat_address,0,0,0,0
google_apigee_organization,0,2,1,0
google_apigee_security_action,1,28,0,0
google_apigee_security_monitoring_condition,0,1,0,0
google_apigee_security_profile_v2,1,0,0,0
google_apigee_sharedflow,0,4,0,2
google_apigee_sharedflow_deployment,0,0,0,0
google_apigee_sync_authorization,1,0,0,0
google_apigee_target_server,0,7,0,0
google_apihub_api_hub_instance,1,3,0,2
google_apihub_curation,3,1,0,1
google_apihub_host_project_registration,1,1,0,0
google_apihub_plugin,3,17,1,0
google_apihub_plugin_instance,9,13,3,5
google_app_engine_application,0,2,2,1
google_app_engine_application_url_dispatch_rules,1,1,0,0
google_app_engine_domain_mapping,0,1,1,1
google_app_engine_firewall_rule,0,1,0,0
google_app_engine_flexible_app_version,5,38,3,0
google_app_engine_service_network_settings,1,1,0,0
google_app_engine_service_split_traffic,3,1,0,0
google_app_engine_standard_app_version,3,22,1,0
google_apphub_application,1,13,0,0
google_apphub_service,1,12,0,2
google_apphub_service_project_attachment,0,2,0,0
google_apphub_workload,1,12,0,2
google_artifact_registry_repository,1,73,1,2
google_artifact_registry_repository_iam_binding,2,1,0,0
google_artifact_registry_repository_iam_member,1,1,0,0
google_artifact_registry_repository_iam_policy,1,0,0,0
google_artifact_registry_vpcsc_config,0,1,0,0
google_backup_dr_backup_plan,4,16,0,1
google_backup_dr_backup_plan_association,1,1,0,3
google_backup_dr_backup_vault,0,5,0,3
google_backup_dr_management_server,0,2,0,1
google_backup_dr_service_config,0,1,0,0
google_beyondcorp_app_connection,1,4,1,2
google_beyondcorp_app_connector,3,3,0,2
google_beyondcorp_app_gateway,0,3,0,3
google_beyondcorp_security_gateway,0,25,2,4
google_beyondcorp_security_gateway_application,8,32,0,0
google_beyondcorp_security_gateway_application_iam_binding,2,1,0,0
google_beyondcorp_security_gateway_application_iam_member,1,1,0,0
google_beyondcorp_security_gateway_application_iam_policy,1,0,0,0
google_beyondcorp_security_gateway_iam_binding,2,1,0,0
google_beyondcorp_security_gateway_iam_member,1,1,0,0
google_beyondcorp_security_gateway_iam_policy,1,0,0,0
google_biglake_catalog,0,1,0,0
google_biglake_database,1,2,0,0
google_biglake_table,0,5,0,0
google_bigquery_analytics_hub_data_exchange,0,5,1,0
google_bigquery_analytics_hub_data_exchange_iam_binding,2,1,0,0
google_bigquery_analytics_hub_data_exchange_iam_member,1,1,0,0
google_bigquery_analytics_hub_data_exchange_iam_policy,1,0,0,0
google_bigquery_analytics_hub_data_exchange_subscription,9,4,0,2
google_bigquery_analytics_hub_listing,4,19,0,3
google_bigquery_analytics_hub_listing_iam_binding,2,1,0,0
google_bigquery_analytics_hub_listing_iam_member,1,1,0,0
google_bigquery_analytics_hub_listing_iam_policy,1,0,0,0
google_bigquery_analytics_hub_listing_subscription,6,3,0,5
google_bigquery_bi_reservation,0,2,0,0
google_bigquery_capacity_commitment,1,2,0,0
google_bigquery_connection,4,11,0,0
google_bigquery_connection_iam_binding,2,1,0,0
google_bigquery_connection_iam_member,1,1,0,0
google_bigquery_connection_iam_policy,1,0,0,0
google_bigquery_data_transfer_config,1,7,0,0
google_bigquery_datapolicy_data_policy,1,4,0,0
google_bigquery_datapolicy_data_policy_iam_binding,2,1,0,0
google_bigquery_datapolicy_data_policy_iam_member,1,1,0,0
google_bigquery_datapolicy_data_policy_iam_policy,1,0,0,0
google_bigquery_datapolicyv2_data_policy,0,4,1,0
google_bigquery_datapolicyv2_data_policy_iam_binding,2,1,0,0
google_bigquery_datapolicyv2_data_policy_iam_member,1,1,0,0
google_bigquery_datapolicyv2_data_policy_iam_policy,1,0,0,0
google_bigquery_dataset,6,18,2,2
google_bigquery_dataset_access,4,11,0,0
google_bigquery_dataset_iam_binding,2,1,0,0
google_bigquery_dataset_iam_member,1,1,0,0
google_bigquery_dataset_iam_policy,1,0,0,0
google_bigquery_job,26,37,2,7
google_bigquery_reservation,0,2,0,3
google_bigquery_reservation_assignment,2,1,0,0
google_bigquery_routine,0,9,12,0
google_bigquery_row_access_policy,0,2,0,0
google_bigquery_table,15,58,4,2
google_bigquery_table_iam_binding,2,1,0,0
google_bigquery_table_iam_member,1,1,0,0
google_bigquery_table_iam_policy,1,0,0,0
google_bigtable_app_profile,0,5,1,0
google_bigtable_authorized_view,2,12,0,0
google_bigtable_gc_policy,1,5,0,0
google_bigtable_instance,0,7,1,2
google_bigtable_instance_iam_binding,2,1,0,0
google_bigtable_instance_iam_member,1,1,0,0
google_bigtable_instance_iam_policy,1,0,0,0
google_bigtable_logical_view,0,2,0,0
google_bigtable_materialized_view,0,2,0,0
google_bigtable_schema_bundle,1,3,0,0
google_bigtable_table,1,8,2,0
google_bigtable_table_iam_binding,2,1,0,0
google_bigtable_table_iam_member,1,1,0,0
google_bigtable_table_iam_policy,1,0,0,0
google_billing_account_iam_binding,2,1,0,0
google_billing_account_iam_member,1,1,0,0
google_billing_account_iam_policy,1,0,0,0
google_billing_budget,4,25,5,0
google_billing_project_info,0,1,0,0
google_billing_subaccount,1,0,0,0
google_binary_authorization_attestor,3,10,0,0
google_binary_authorization_attestor_iam_binding,2,1,0,0
google_binary_authorization_attestor_iam_member,1,1,0,0
google_binary_authorization_attestor_iam_policy,1,0,0,0
google_binary_authorization_policy,1,16,0,0
google_blockchain_node_engine_blockchain_nodes,0,11,0,7
google_certificate_manager_certificate,0,14,0,7
google_certificate_manager_certificate_issuance_config,4,5,0,2
google_certificate_manager_certificate_map,0,8,0,3
google_certificate_manager_certificate_map_entry,3,3,0,2
google_certificate_manager_dns_authorization,0,3,0,3
google_certificate_manager_trust_config,0,9,0,2
google_ces_app,2,66,0,2
google_ces_toolset,3,24,0,0
google_chronicle_data_access_label,0,1,0,0
google_chronicle_data_access_scope,0,7,0,0
google_chronicle_reference_list,1,10,0,1
google_chronicle_retrohunt,1,1,0,1
google_chronicle_rule,0,4,0,6
google_chronicle_rule_deployment,0,2,0,2
google_chronicle_watchlist,1,1,3,1
google_cloud_asset_folder_feed,3,3,0,0
google_cloud_asset_organization_feed,3,3,0,0
google_cloud_asset_project_feed,3,4,0,0
google_cloud_identity_group,2,0,0,1
google_cloud_identity_group_membership,2,2,2,0
google_cloud_ids_endpoint,0,2,0,0
google_cloud_quotas_quota_adjuster_settings,0,0,0,0
google_cloud_quotas_quota_preference,3,2,2,0
google_cloud_run_domain_mapping,3,10,1,9
google_cloud_run_service,6,134,38,11
google_cloud_run_service_iam_binding,2,1,0,0
google_cloud_run_service_iam_member,1,1,0,0
google_cloud_run_service_iam_policy,1,0,0,0
google_cloud_run_v2_job,4,119,16,6
google_cloud_run_v2_job_iam_binding,2,1,0,0
google_cloud_run_v2_job_iam_member,1,1,0,0
google_cloud_run_v2_job_iam_policy,1,0,0,0
google_cloud_run_v2_service,2,127,16,10
google_cloud_run_v2_service_iam_binding,2,1,0,0
google_cloud_run_v2_service_iam_member,1,1,0,0
google_cloud_run_v2_service_iam_policy,1,0,0,0
google_cloud_run_v2_worker_pool,2,121,9,6
google_cloud_run_v2_worker_pool_iam_binding,2,1,0,0
google_cloud_run_v2_worker_pool_iam_member,1,1,0,0
google_cloud_run_v2_worker_pool_iam_policy,1,0,0,0
google_cloud_scheduler_job,2,24,0,0
google_cloud_tasks_queue,3,18,8,0
google_cloud_tasks_queue_iam_binding,2,1,0,0
google_cloud_tasks_queue_iam_member,1,1,0,0
google_cloud_tasks_queue_iam_policy,1,0,0,0
google_cloudbuild_bitbucket_server_config,1,2,0,0
google_cloudbuild_trigger,5,114,1,4
google_cloudbuildv2_connection,45,23,0,2
google_cloudbuildv2_connection_iam_binding,2,1,0,0
google_cloudbuildv2_connection_iam_member,1,1,0,0
google_cloudbuildv2_connection_iam_policy,1,0,0,0
google_cloudbuildv2_repository,1,3,0,1
google_clouddeploy_automation,4,33,3,3
google_clouddeploy_custom_target_type,0,20,0,3
google_clouddeploy_custom_target_type_iam_binding,2,1,0,0
google_clouddeploy_custom_target_type_iam_member,1,1,0,0
google_clouddeploy_custom_target_type_iam_policy,1,0,0,0
google_clouddeploy_delivery_pipeline_iam_binding,2,1,0,0
google_clouddeploy_delivery_pipeline_iam_member,1,1,0,0
google_clouddeploy_delivery_pipeline_iam_policy,1,0,0,0
google_clouddeploy_deploy_policy,22,43,6,3
google_clouddeploy_target_iam_binding,2,1,0,0
google_clouddeploy_target_iam_member,1,1,0,0
google_clouddeploy_target_iam_policy,1,0,0,0
google_clouddomains_registration,20,43,1,4
google_cloudfunctions2_function,0,27,11,2
google_cloudfunctions2_function_iam_binding,2,1,0,0
google_cloudfunctions2_function_iam_member,1,1,0,0
google_cloudfunctions2_function_iam_policy,1,0,0,0
google_cloudfunctions_function,2,10,4,2
google_cloudfunctions_function_iam_binding,2,1,0,0
google_cloudfunctions_function_iam_member,1,1,0,0
google_cloudfunctions_function_iam_policy,1,0,0,0
google_colab_notebook_execution,2,4,0,0
google_colab_runtime,2,2,0,0
google_colab_runtime_template,0,8,16,2
google_colab_runtime_template_iam_binding,2,1,0,0
google_colab_runtime_template_iam_member,1,1,0,0
google_colab_runtime_template_iam_policy,1,0,0,0
google_colab_schedule,7,7,0,0
google_composer_environment,2,43,76,2
google_composer_user_workloads_config_map,0,2,0,0
google_composer_user_workloads_secret,0,2,0,0
google_compute_address,0,5,2,3
google_compute_attached_disk,2,2,0,0
google_compute_autoscaler,2,16,5,0
google_compute_backend_bucket,0,18,1,0
google_compute_backend_bucket_iam_binding,2,1,0,0
google_compute_backend_bucket_iam_member,1,1,0,0
google_compute_backend_bucket_iam_policy,1,0,0,0
google_compute_backend_bucket_signed_url_key,1,1,0,0
google_compute_backend_service,2,84,3,0
google_compute_backend_service_iam_binding,2,1,0,0
google_compute_backend_service_iam_member,1,1,0,0
google_compute_backend_service_iam_policy,1,0,0,0
google_compute_backend_service_signed_url_key,1,1,0,0
google_compute_cross_site_network,0,1,0,0
google_compute_disk,0,26,4,3
google_compute_disk_async_replication,4,0,0,0
google_compute_disk_iam_binding,2,1,0,0
google_compute_disk_iam_member,1,1,0,0
google_compute_disk_iam_policy,1,0,0,0
google_compute_disk_resource_policy_attachment,1,2,1,0
google_compute_external_vpn_gateway,0,4,0,2
google_compute_firewall,5,27,2,0
google_compute_firewall_policy,1,1,0,0
google_compute_firewall_policy_association,2,1,0,0
google_compute_firewall_policy_rule,4,37,0,0
google_compute_firewall_policy_with_rules,6,46,0,49
google_compute_forwarding_rule,0,10,7,2
google_compute_future_reservation,3,79,0,1
google_compute_global_address,0,6,0,2
google_compute_global_forwarding_rule,3,6,5,2
google_compute_global_network_endpoint,1,1,0,0
google_compute_global_network_endpoint_group,0,1,0,0
google_compute_ha_vpn_gateway,1,5,2,2
google_compute_health_check,0,17,1,0
google_compute_http_health_check,0,1,0,0
google_compute_https_health_check,0,1,0,0
google_compute_image,12,29,4,2
google_compute_image_iam_binding,2,1,0,0
google_compute_image_iam_member,1,1,0,0
google_compute_image_iam_policy,1,0,0,0
google_compute_instance,23,59,50,2
google_compute_instance_from_machine_image,0,0,0,0
google_compute_instance_from_template,0,0,0,0
google_compute_instance_group,0,3,3,0
google_compute_instance_group_manager,5,27,5,10
google_compute_instance_group_membership,2,2,0,0
google_compute_instance_group_named_port,1,2,1,0
google_compute_instance_iam_binding,2,1,0,0
google_compute_instance_iam_member,1,1,0,0
google_compute_instance_iam_policy,1,0,0,0
google_compute_instance_settings,1,4,0,0
google_compute_instance_template,19,62,12,4
google_compute_instance_template_iam_binding,2,1,0,0
google_compute_instance_template_iam_member,1,1,0,0
google_compute_instance_template_iam_policy,1,0,0,0
google_compute_instant_snapshot,1,3,1,2
google_compute_instant_snapshot_iam_binding,2,1,0,0
google_compute_instant_snapshot_iam_member,1,1,0,0
google_compute_instant_snapshot_iam_policy,1,0,0,0
google_compute_interconnect,4,15,0,11
google_compute_interconnect_attachment,1,6,1,3
google_compute_interconnect_attachment_group,1,2,0,43
google_compute_interconnect_group,1,2,0,37
google_compute_machine_image,1,4,0,1
google_compute_machine_image_iam_binding,2,1,0,0
google_compute_machine_image_iam_member,1,1,0,0
google_compute_machine_image_iam_policy,1,0,0,0
google_compute_managed_ssl_certificate,4,2,0,1
google_compute_network,0,5,0,0
google_compute_network_attachment,1,3,1,1
google_compute_network_edge_security_service,0,2,0,0
google_compute_network_endpoint,1,3,1,0
google_compute_network_endpoint_group,1,3,1,0
google_compute_network_endpoints,1,5,1,0
google_compute_network_firewall_policy,0,1,0,0
google_compute_network_firewall_policy_association,2,1,0,0
google_compute_network_firewall_policy_packet_mirroring_rule,4,9,0,0
google_compute_network_firewall_policy_rule,4,36,0,0
google_compute_network_firewall_policy_with_rules,6,45,0,47
google_compute_network_peering,2,0,0,0
google_compute_network_peering_routes_config,1,1,0,0
google_compute_node_group,1,4,3,0
google_compute_node_template,0,5,2,0
google_compute_organization_security_policy,0,0,0,0
google_compute_organization_security_policy_association,0,0,0,0
google_compute_organization_security_policy_rule,6,12,0,0
google_compute_packet_mirroring,13,16,0,0
google_compute_per_instance_config,1,25,1,0
google_compute_preview_feature,0,4,0,0
google_compute_project_cloud_armor_tier,0,1,0,0
google_compute_project_default_network_tier,0,1,0,0
google_compute_project_metadata,1,1,0,0
google_compute_project_metadata_item,0,1,0,0
google_compute_public_advertised_prefix,0,1,0,0
google_compute_public_delegated_prefix,1,1,0,1
google_compute_region_autoscaler,2,18,3,0
google_compute_region_backend_service,2,67,6,0
google_compute_region_backend_service_iam_binding,2,1,0,0
google_compute_region_backend_service_iam_member,1,1,0,0
google_compute_region_backend_service_iam_policy,1,0,0,0
google_compute_region_commitment,0,3,1,0
google_compute_region_disk,1,13,3,3
google_compute_region_disk_iam_binding,2,1,0,0
google_compute_region_disk_iam_member,1,1,0,0
google_compute_region_disk_iam_policy,1,0,0,0
google_compute_region_disk_resource_policy_attachment,1,1,1,0
google_compute_region_health_check,0,16,2,0
google_compute_region_instance_group_manager,8,28,7,10
google_compute_region_instance_template,19,61,12,4
google_compute_region_network_endpoint,1,3,1,0
google_compute_region_network_endpoint_group,1,6,2,0
google_compute_region_network_firewall_policy,0,1,0,0
google_compute_region_network_firewall_policy_association,2,1,0,0
google_compute_region_network_firewall_policy_rule,4,36,0,0
google_compute_region_network_firewall_policy_with_rules,6,45,0,47
google_compute_region_per_instance_config,1,25,1,0
google_compute_region_resize_request,1,2,1,107
google_compute_region_security_policy,6,88,3,0
google_compute_region_security_policy_rule,0,54,0,0
google_compute_region_ssl_certificate,1,1,1,0
google_compute_region_ssl_policy,0,4,1,2
google_compute_region_target_http_proxy,1,1,1,0
google_compute_region_target_https_proxy,1,6,1,0
google_compute_region_target_tcp_proxy,1,1,1,0
google_compute_region_url_map,47,464,7,0
google_compute_reservation,2,12,4,0
google_compute_resize_request,1,2,1,107
google_compute_resource_policy,14,33,1,0
google_compute_resource_policy_attachment,1,2,1,0
google_compute_route,1,10,0,6
google_compute_router,0,13,1,0
google_compute_router_interface,0,5,0,0
google_compute_router_nat,9,39,7,0
google_compute_router_nat_address,4,3,1,0
google_compute_router_peer,1,8,4,0
google_compute_router_route_policy,4,3,1,0
google_compute_security_policy,19,78,4,2
google_compute_security_policy_rule,3,50,0,0
google_compute_service_attachment,2,9,1,2
google_compute_shared_vpc_host_project,0,0,0,0
google_compute_shared_vpc_service_project,0,1,0,0
google_compute_snapshot,1,5,2,3
google_compute_snapshot_iam_binding,2,1,0,0
google_compute_snapshot_iam_member,1,1,0,0
google_compute_snapshot_iam_policy,1,0,0,0
google_compute_snapshot_settings,1,3,0,0
google_compute_ssl_certificate,1,1,0,0
google_compute_ssl_policy,0,4,0,2
google_compute_storage_pool,1,3,1,4
google_compute_storage_pool_iam_binding,2,1,0,0
google_compute_storage_pool_iam_member,1,1,0,0
google_compute_storage_pool_iam_policy,1,0,0,0
google_compute_subnetwork,1,15,2,0
google_compute_subnetwork_iam_binding,2,1,0,0
google_compute_subnetwork_iam_member,1,1,0,0
google_compute_subnetwork_iam_policy,1,0,0,0
google_compute_target_grpc_proxy,0,2,0,0
google_compute_target_http_proxy,1,1,0,0
google_compute_target_https_proxy,1,6,0,0
google_compute_target_instance,1,1,1,0
google_compute_target_pool,0,3,2,0
google_compute_target_ssl_proxy,1,3,0,0
google_compute_target_tcp_proxy,1,1,0,0
google_compute_url_map,48,521,18,0
google_compute_vpn_gateway,1,1,1,0
google_compute_vpn_tunnel,0,55,5,2
google_compute_wire_group,1,9,0,8
google_contact_center_insights_analysis_rule,0,17,0,0
google_contact_center_insights_view,0,1,0,0
google_container_analysis_note,3,4,0,0
google_container_analysis_note_iam_binding,2,1,0,0
google_container_analysis_note_iam_member,1,1,0,0
google_container_analysis_note_iam_policy,1,0,0,0
google_container_analysis_occurrence,3,1,0,0
google_container_attached_cluster,2,20,3,3
google_container_cluster,58,188,187,8
google_container_node_pool,23,88,52,4
google_container_registry,0,2,0,0
google_data_catalog_entry,2,2,0,8
google_data_catalog_entry_group,0,2,0,0
google_data_catalog_entry_group_iam_binding,2,1,0,0
google_data_catalog_entry_group_iam_member,1,1,0,0
google_data_catalog_entry_group_iam_policy,1,0,0,0
google_data_catalog_policy_tag,0,0,0,1
google_data_catalog_policy_tag_iam_binding,2,1,0,0
google_data_catalog_policy_tag_iam_member,1,1,0,0
google_data_catalog_policy_tag_iam_policy,1,0,0,0
google_data_catalog_tag,1,0,0,0
google_data_catalog_tag_template,7,5,0,0
google_data_catalog_tag_template_iam_binding,2,1,0,0
google_data_catalog_tag_template_iam_member,1,1,0,0
google_data_catalog_tag_template_iam_policy,1,0,0,0
google_data_catalog_taxonomy,0,2,0,0
google_data_catalog_taxonomy_iam_binding,2,1,0,0
google_data_catalog_taxonomy_iam_member,1,1,0,0
google_data_catalog_taxonomy_iam_policy,1,0,0,0
google_data_fusion_instance,0,11,2,2
google_data_fusion_instance_iam_binding,2,1,0,0
google_data_fusion_instance_iam_member,1,1,0,0
google_data_fusion_instance_iam_policy,1,0,0,0
google_data_loss_prevention_deidentify_template,207,1138,0,0
google_data_loss_prevention_discovery_config,9,320,0,1
google_data_loss_prevention_inspect_template,54,127,0,0
google_data_loss_prevention_job_trigger,57,314,0,0
google_data_loss_prevention_stored_info_type,11,14,0,0
google_data_pipeline_pipeline,3,59,0,0
google_database_migration_service_connection_profile,7,51,0,5
google_database_migration_service_migration_job,0,10,0,5
google_database_migration_service_private_connection,1,5,0,3
google_dataflow_flex_template_job,0,3,3,2
google_dataflow_job,1,4,1,2
google_dataform_repository,0,7,0,2
google_dataform_repository_iam_binding,2,1,0,0
google_dataform_repository_iam_member,1,1,0,0
google_dataform_repository_iam_policy,1,0,0,0
google_dataform_repository_release_config,0,4,0,3
google_dataform_repository_workflow_config,0,6,0,3
google_dataplex_aspect_type,0,5,0,2
google_dataplex_aspect_type_iam_binding,2,1,0,0
google_dataplex_aspect_type_iam_member,1,1,0,0
google_dataplex_aspect_type_iam_policy,1,0,0,0
google_dataplex_asset_iam_binding,2,1,0,0
google_dataplex_asset_iam_member,1,1,0,0
google_dataplex_asset_iam_policy,1,0,0,0
google_dataplex_datascan,12,97,0,3
google_dataplex_datascan_iam_binding,2,1,0,0
google_dataplex_datascan_iam_member,1,1,0,0
google_dataplex_datascan_iam_policy,1,0,0,0
google_dataplex_entry,5,6,1,0
google_dataplex_entry_group,0,3,0,2
google_dataplex_entry_group_iam_binding,2,1,0,0
google_dataplex_entry_group_iam_member,1,1,0,0
google_dataplex_entry_group_iam_policy,1,0,0,0
google_dataplex_entry_link,1,1,0,0
google_dataplex_entry_type,0,5,0,2
google_dataplex_entry_type_iam_binding,2,1,0,0
google_dataplex_entry_type_iam_member,1,1,0,0
google_dataplex_entry_type_iam_policy,1,0,0,0
google_dataplex_glossary,0,3,0,2
google_dataplex_glossary_category,0,3,0,2
google_dataplex_glossary_iam_binding,2,1,0,0
google_dataplex_glossary_iam_member,1,1,0,0
google_dataplex_glossary_iam_policy,1,0,0,0
google_dataplex_glossary_term,0,3,0,2
google_dataplex_lake_iam_binding,2,1,0,0
google_dataplex_lake_iam_member,1,1,0,0
google_dataplex_lake_iam_policy,1,0,0,0
google_dataplex_task,2,69,0,5
google_dataplex_task_iam_binding,2,1,0,0
google_dataplex_task_iam_member,1,1,0,0
google_dataplex_task_iam_policy,1,0,0,0
google_dataplex_zone_iam_binding,2,1,0,0
google_dataplex_zone_iam_member,1,1,0,0
google_dataplex_zone_iam_policy,1,0,0,0
google_dataproc_autoscaling_policy,2,4,0,0
google_dataproc_autoscaling_policy_iam_binding,2,1,0,0
google_dataproc_autoscaling_policy_iam_member,1,1,0,0
google_dataproc_autoscaling_policy_iam_policy,1,0,0,0
google_dataproc_batch,0,55,4,12
google_dataproc_cluster,42,71,109,30
google_dataproc_cluster_iam_binding,2,1,0,0
google_dataproc_cluster_iam_member,1,1,0,0
google_dataproc_cluster_iam_policy,1,0,0,0
google_dataproc_gdc_application_environment,0,8,0,3
google_dataproc_gdc_service_instance,0,5,0,2
google_dataproc_gdc_spark_application,3,41,0,3
google_dataproc_job,19,73,13,3
google_dataproc_job_iam_binding,2,1,0,0
google_dataproc_job_iam_member,1,1,0,0
google_dataproc_job_iam_policy,1,0,0,0
google_dataproc_metastore_database_iam_binding,2,1,0,0
google_dataproc_metastore_database_iam_member,1,1,0,0
google_dataproc_metastore_database_iam_policy,1,0,0,0
google_dataproc_metastore_federation,1,4,0,2
google_dataproc_metastore_federation_iam_binding,2,1,0,0
google_dataproc_metastore_federation_iam_member,1,1,0,0
google_dataproc_metastore_federation_iam_policy,1,0,0,0
google_dataproc_metastore_service,7,20,8,2
google_dataproc_metastore_service_iam_binding,2,1,0,0
google_dataproc_metastore_service_iam_member,1,1,0,0
google_dataproc_metastore_service_iam_policy,1,0,0,0
google_dataproc_metastore_table_iam_binding,2,1,0,0
google_dataproc_metastore_table_iam_member,1,1,0,0
google_dataproc_metastore_table_iam_policy,1,0,0,0
google_dataproc_session_template,0,21,2,4
google_datastream_connection_profile,2,28,0,2
google_datastream_private_connection,0,7,0,3
google_datastream_stream,72,286,0,2
google_deployment_manager_deployment,3,5,0,0
google_developer_connect_account_connector,2,6,0,3
google_developer_connect_connection,16,18,2,4
google_developer_connect_git_repository_link,0,5,0,3
google_developer_connect_insights_config,0,14,0,7
google_dialogflow_agent,0,2,0,0
google_dialogflow_conversation_profile,12,140,0,0
google_dialogflow_cx_agent,0,28,2,0
google_dialogflow_cx_entity_type,1,3,0,0
google_dialogflow_cx_environment,1,1,0,0
google_dialogflow_cx_flow,0,233,1,8
google_dialogflow_cx_generative_settings,0,8,0,0
google_dialogflow_cx_generator,1,3,0,0
google_dialogflow_cx_intent,2,4,0,2
google_dialogflow_cx_page,0,494,0,8
google_dialogflow_cx_playbook,0,8,0,2
google_dialogflow_cx_security_settings,0,4,0,0
google_dialogflow_cx_test_case,0,108,0,1
google_dialogflow_cx_tool,7,29,0,0
google_dialogflow_cx_version,0,1,0,1
google_dialogflow_cx_webhook,0,36,0,0
google_dialogflow_encryption_spec,1,1,0,0
google_dialogflow_entity_type,2,2,0,0
google_dialogflow_fulfillment,0,5,0,0
google_dialogflow_intent,0,4,0,1
google_discovery_engine_acl_config,0,4,0,0
google_discovery_engine_assistant,0,9,0,0
google_discovery_engine_chat_engine,2,4,0,1
google_discovery_engine_cmek_config,0,2,0,0
google_discovery_engine_control,2,19,0,0
google_discovery_engine_data_connector,0,12,0,3
google_discovery_engine_data_store,0,63,0,0
google_discovery_engine_license_config,1,2,0,0
google_discovery_engine_recommendation_engine,1,13,0,0
google_discovery_engine_schema,0,2,0,0
google_discovery_engine_search_engine,2,5,0,0
google_discovery_engine_sitemap,0,1,0,0
google_discovery_engine_target_site,0,3,0,2
google_dns_managed_zone,14,14,4,3
google_dns_managed_zone_iam_binding,2,1,0,0
google_dns_managed_zone_iam_member,1,1,0,0
google_dns_managed_zone_iam_policy,1,0,0,0
google_dns_policy,8,4,1,0
google_dns_record_set,28,85,0,0
google_dns_response_policy,2,3,0,0
google_dns_response_policy_rule,3,5,0,0
google_document_ai_processor,0,1,0,0
google_document_ai_processor_default_version,1,0,0,0
google_document_ai_warehouse_document_schema,12,50,0,0
google_document_ai_warehouse_location,0,0,0,0
google_edgecontainer_cluster,14,10,17,5
google_edgecontainer_node_pool,0,4,3,2
google_edgecontainer_vpn_connection,0,4,0,7
google_edgenetwork_interconnect_attachment,1,3,0,2
google_edgenetwork_network,0,3,0,2
google_edgenetwork_subnet,1,5,0,2
google_endpoints_service,0,1,0,4
google_endpoints_service_consumers_iam_binding,2,1,0,0
google_endpoints_service_consumers_iam_member,1,1,0,0
google_endpoints_service_consumers_iam_policy,1,0,0,0
google_endpoints_service_iam_binding,2,1,0,0
google_endpoints_service_iam_member,1,1,0,0
google_endpoints_service_iam_policy,1,0,0,0
google_essential_contacts_contact,1,0,0,0
google_eventarc_channel,1,4,0,2
google_eventarc_enrollment,0,5,0,3
google_eventarc_google_api_source,0,5,1,3
google_eventarc_google_channel_config,1,2,0,0
google_eventarc_message_bus,0,6,1,3
google_eventarc_pipeline,1,38,2,3
google_eventarc_trigger,12,20,1,3
google_filestore_backup,0,4,0,2
google_filestore_instance,9,24,0,8
google_filestore_snapshot,0,3,0,2
google_firebase_android_app,0,3,0,0
google_firebase_app_check_app_attest_config,0,1,0,0
google_firebase_app_check_debug_token,0,1,0,0
google_firebase_app_check_device_check_config,0,1,0,0
google_firebase_app_check_play_integrity_config,0,1,0,0
google_firebase_app_check_recaptcha_enterprise_config,0,1,0,0
google_firebase_app_check_recaptcha_v3_config,0,1,0,0
google_firebase_app_check_service_config,0,1,0,0
google_firebase_app_hosting_backend,0,6,0,6
google_firebase_app_hosting_build,2,9,0,9
google_firebase_app_hosting_default_domain,0,1,0,0
google_firebase_app_hosting_domain,0,4,0,37
google_firebase_app_hosting_traffic,2,3,0,3
google_firebase_apple_app,0,1,0,0
google_firebase_data_connect_service,0,5,0,3
google_firebase_database_instance,0,1,0,0
google_firebase_extensions_instance,3,9,2,2
google_firebase_hosting_channel,0,2,0,2
google_firebase_hosting_custom_domain,0,39,0,3
google_firebase_hosting_release,0,1,0,0
google_firebase_hosting_site,0,1,0,0
google_firebase_hosting_version,3,10,0,0
google_firebase_project,0,1,0,0
google_firebase_storage_bucket,0,1,0,0
google_firebase_web_app,0,1,0,1
google_firestore_backup_schedule,0,3,0,0
google_firestore_database,0,3,0,2
google_firestore_document,1,1,0,0
google_firestore_field,0,5,0,0
google_firestore_index,2,6,0,0
google_firestore_user_creds,0,1,0,1
google_folder,0,1,0,1
google_folder_access_approval_settings,2,0,2,0
google_folder_iam_audit_config,1,2,0,0
google_folder_iam_binding,2,1,0,0
google_folder_iam_member,1,1,0,0
google_folder_iam_policy,1,0,0,0
google_folder_organization_policy,1,19,0,0
google_folder_service_identity,0,1,0,0
google_gemini_code_repository_index,0,3,0,2
google_gemini_code_tools_setting,1,5,0,2
google_gemini_code_tools_setting_binding,0,3,0,2
google_gemini_data_sharing_with_google_setting,0,3,0,2
google_gemini_data_sharing_with_google_setting_binding,0,3,0,2
google_gemini_gemini_gcp_enablement_setting,0,3,0,2
google_gemini_gemini_gcp_enablement_setting_binding,0,3,0,2
google_gemini_logging_setting,0,3,0,2
google_gemini_logging_setting_binding,0,3,0,2
google_gemini_release_channel_setting,0,3,0,2
google_gemini_release_channel_setting_binding,0,3,0,2
google_gemini_repository_group,1,3,0,2
google_gemini_repository_group_iam_binding,2,1,0,0
google_gemini_repository_group_iam_member,1,1,0,0
google_gemini_repository_group_iam_policy,1,0,0,0
google_gke_backup_backup_channel,0,3,0,2
google_gke_backup_backup_plan,13,32,0,2
google_gke_backup_backup_plan_iam_binding,2,1,0,0
google_gke_backup_backup_plan_iam_member,1,1,0,0
google_gke_backup_backup_plan_iam_policy,1,0,0,0
google_gke_backup_restore_channel,0,3,0,2
google_gke_backup_restore_plan,24,34,0,2
google_gke_backup_restore_plan_iam_binding,2,1,0,0
google_gke_backup_restore_plan_iam_member,1,1,0,0
google_gke_backup_restore_plan_iam_policy,1,0,0,0
google_gke_hub_feature,14,89,21,6
google_gke_hub_feature_iam_binding,2,1,0,0
google_gke_hub_feature_iam_member,1,1,0,0
google_gke_hub_feature_iam_policy,1,0,0,0
google_gke_hub_fleet,0,9,0,1
google_gke_hub_membership,3,7,0,2
google_gke_hub_membership_binding,1,3,0,3
google_gke_hub_membership_iam_binding,2,1,0,0
google_gke_hub_membership_iam_member,1,1,0,0
google_gke_hub_membership_iam_policy,1,0,0,0
google_gke_hub_membership_rbac_role_binding,1,1,0,1
google_gke_hub_namespace,1,4,0,3
google_gke_hub_scope,0,4,0,3
google_gke_hub_scope_iam_binding,2,1,0,0
google_gke_hub_scope_iam_member,1,1,0,0
google_gke_hub_scope_iam_policy,1,0,0,0
google_gke_hub_scope_rbac_role_binding,1,3,0,3
google_gkeonprem_bare_metal_admin_cluster,27,40,0,11
google_gkeonprem_bare_metal_cluster,49,94,18,11
google_gkeonprem_bare_metal_node_pool,4,6,4,4
google_gkeonprem_vmware_admin_cluster,15,36,10,19
google_gkeonprem_vmware_cluster,20,37,11,13
google_gkeonprem_vmware_node_pool,2,14,2,4
google_healthcare_consent_store,1,2,0,2
google_healthcare_consent_store_iam_binding,2,1,0,0
google_healthcare_consent_store_iam_member,1,1,0,0
google_healthcare_consent_store_iam_policy,1,0,0,0
google_healthcare_dataset,0,1,1,0
google_healthcare_dataset_iam_binding,2,1,0,0
google_healthcare_dataset_iam_member,1,1,0,0
google_healthcare_dataset_iam_policy,1,0,0,0
google_healthcare_dicom_store,3,4,0,2
google_healthcare_dicom_store_iam_binding,2,1,0,0
google_healthcare_dicom_store_iam_member,1,1,0,0
google_healthcare_dicom_store_iam_policy,1,0,0,0
google_healthcare_fhir_store,6,19,0,4
google_healthcare_fhir_store_iam_binding,2,1,0,0
google_healthcare_fhir_store_iam_member,1,1,0,0
google_healthcare_fhir_store_iam_policy,1,0,0,0
google_healthcare_hl7_v2_store,1,6,1,2
google_healthcare_hl7_v2_store_iam_binding,2,1,0,0
google_healthcare_hl7_v2_store_iam_member,1,1,0,0
google_healthcare_hl7_v2_store_iam_policy,1,0,0,0
google_healthcare_pipeline_job,7,10,0,2
google_healthcare_workspace,4,2,0,2
google_iam_access_boundary_policy,1,8,0,0
google_iam_deny_policy,1,17,0,0
google_iam_folders_policy_binding,1,3,0,1
google_iam_oauth_client,3,1,0,0
google_iam_oauth_client_credential,0,1,0,0
google_iam_organizations_policy_binding,1,3,0,1
google_iam_principal_access_boundary_policy,5,2,1,1
google_iam_projects_policy_binding,1,4,0,1
google_iam_workforce_pool,0,3,0,0
google_iam_workforce_pool_iam_binding,2,1,0,0
google_iam_workforce_pool_iam_member,1,1,0,0
google_iam_workforce_pool_iam_policy,1,0,0,0
google_iam_workforce_pool_provider,4,23,2,0
google_iam_workforce_pool_provider_key,1,0,0,0
google_iam_workforce_pool_provider_scim_tenant,0,0,0,0
google_iam_workload_identity_pool,5,5,0,0
google_iam_workload_identity_pool_iam_binding,2,1,0,0
google_iam_workload_identity_pool_iam_member,1,1,0,0
google_iam_workload_identity_pool_iam_policy,1,0,0,0
google_iam_workload_identity_pool_managed_identity,0,2,0,0
google_iam_workload_identity_pool_namespace,0,1,0,1
google_iam_workload_identity_pool_provider,5,13,0,0
google_iap_app_engine_service_iam_binding,2,1,0,0
google_iap_app_engine_service_iam_member,1,1,0,0
google_iap_app_engine_service_iam_policy,1,0,0,0
google_iap_app_engine_version_iam_binding,2,1,0,0
google_iap_app_engine_version_iam_member,1,1,0,0
google_iap_app_engine_version_iam_policy,1,0,0,0
google_iap_brand,0,1,0,0
google_iap_client,0,0,0,0
google_iap_settings,0,40,0,0
google_iap_tunnel_dest_group,0,3,0,0
google_iap_tunnel_dest_group_iam_binding,2,1,0,0
google_iap_tunnel_dest_group_iam_member,1,1,0,0
google_iap_tunnel_dest_group_iam_policy,1,0,0,0
google_iap_tunnel_iam_binding,2,1,0,0
google_iap_tunnel_iam_member,1,1,0,0
google_iap_tunnel_iam_policy,1,0,0,0
google_iap_tunnel_instance_iam_binding,2,1,0,0
google_iap_tunnel_instance_iam_member,1,1,0,0
google_iap_tunnel_instance_iam_policy,1,0,0,0
google_iap_web_backend_service_iam_binding,2,1,0,0
google_iap_web_backend_service_iam_member,1,1,0,0
google_iap_web_backend_service_iam_policy,1,0,0,0
google_iap_web_cloud_run_service_iam_binding,2,1,0,0
google_iap_web_cloud_run_service_iam_member,1,1,0,0
google_iap_web_cloud_run_service_iam_policy,1,0,0,0
google_iap_web_forwarding_rule_service_iam_binding,2,1,0,0
google_iap_web_forwarding_rule_service_iam_member,1,1,0,0
google_iap_web_forwarding_rule_service_iam_policy,1,0,0,0
google_iap_web_iam_binding,2,1,0,0
google_iap_web_iam_member,1,1,0,0
google_iap_web_iam_policy,1,0,0,0
google_iap_web_region_backend_service_iam_binding,2,1,0,0
google_iap_web_region_backend_service_iam_member,1,1,0,0
google_iap_web_region_backend_service_iam_policy,1,0,0,0
google_iap_web_region_forwarding_rule_service_iam_binding,2,1,0,0
google_iap_web_region_forwarding_rule_service_iam_member,1,1,0,0
google_iap_web_region_forwarding_rule_service_iam_policy,1,0,0,0
google_iap_web_type_app_engine_iam_binding,2,1,0,0
google_iap_web_type_app_engine_iam_member,1,1,0,0
google_iap_web_type_app_engine_iam_policy,1,0,0,0
google_iap_web_type_compute_iam_binding,2,1,0,0
google_iap_web_type_compute_iam_member,1,1,0,0
google_iap_web_type_compute_iam_policy,1,0,0,0
google_identity_platform_config,2,38,6,2
google_identity_platform_default_supported_idp_config,0,1,0,0
google_identity_platform_inbound_saml_config,4,1,0,2
google_identity_platform_oauth_idp_config,0,2,0,0
google_identity_platform_tenant,0,4,0,0
google_identity_platform_tenant_default_supported_idp_config,0,1,0,0
google_identity_platform_tenant_inbound_saml_config,4,1,0,2
google_identity_platform_tenant_oauth_idp_config,0,1,0,0
google_integration_connectors_connection,5,102,1,7
google_integration_connectors_endpoint_attachment,0,3,0,2
google_integration_connectors_managed_zone,0,3,0,2
google_integrations_auth_config,2,47,0,0
google_integrations_client,0,2,0,0
google_kms_autokey_config,1,0,0,0
google_kms_crypto_key,1,4,2,3
google_kms_crypto_key_iam_binding,2,1,0,0
google_kms_crypto_key_iam_member,1,1,0,0
google_kms_crypto_key_iam_policy,1,0,0,0
google_kms_crypto_key_version,0,14,0,1
google_kms_ekm_connection,4,1,3,0
google_kms_ekm_connection_iam_binding,2,1,0,0
google_kms_ekm_connection_iam_member,1,1,0,0
google_kms_ekm_connection_iam_policy,1,0,0,0
google_kms_folder_kaj_policy_config,0,3,0,0
google_kms_key_handle,0,1,0,0
google_kms_key_ring,0,1,0,0
google_kms_key_ring_iam_binding,2,1,0,0
google_kms_key_ring_iam_member,1,1,0,0
google_kms_key_ring_iam_policy,1,0,0,0
google_kms_key_ring_import_job,1,0,0,2
google_kms_organization_kaj_policy_config,0,3,0,0
google_kms_project_kaj_policy_config,0,4,0,0
google_kms_secret_ciphertext,0,0,0,0
google_logging_billing_account_bucket_config,0,0,0,0
google_logging_billing_account_exclusion,0,0,0,0
google_logging_billing_account_sink,2,2,1,0
google_logging_folder_bucket_config,0,0,0,0
google_logging_folder_exclusion,0,0,0,0
google_logging_folder_settings,0,0,0,0
google_logging_folder_sink,2,2,1,0
google_logging_linked_dataset,1,0,2,0
google_logging_log_scope,2,0,1,0
google_logging_log_view,2,0,1,0
google_logging_log_view_iam_binding,2,1,0,0
google_logging_log_view_iam_member,1,1,0,0
google_logging_log_view_iam_policy,1,0,0,0
google_logging_metric,3,11,1,0
google_logging_organization_bucket_config,0,0,0,0
google_logging_organization_exclusion,0,0,0,0
google_logging_organization_settings,0,0,0,0
google_logging_organization_sink,2,2,1,0
google_logging_project_bucket_config,0,3,0,0
google_logging_project_exclusion,0,0,0,0
google_logging_project_sink,2,3,1,0
google_looker_instance,9,13,1,0
google_lustre_instance,0,3,0,2
google_managed_kafka_acl,1,1,0,0
google_managed_kafka_cluster,15,11,1,2
google_managed_kafka_connect_cluster,11,11,0,2
google_managed_kafka_connector,0,3,0,0
google_managed_kafka_topic,0,2,0,0
google_memcache_instance,6,8,2,4
google_memorystore_instance,12,21,7,26
google_memorystore_instance_desired_user_created_endpoints,0,7,0,0
google_migration_center_group,0,3,0,2
google_migration_center_preference_set,0,23,0,0
google_ml_engine_model,0,5,0,2
google_model_armor_floorsetting,4,19,0,0
google_model_armor_template,4,20,0,2
google_monitoring_alert_policy,1,98,0,1
google_monitoring_custom_service,0,3,0,0
google_monitoring_dashboard,2,1,0,0
google_monitoring_group,0,2,0,0
google_monitoring_metric_descriptor,0,3,0,2
google_monitoring_monitored_project,2,0,0,0
google_monitoring_notification_channel,0,5,0,0
google_monitoring_service,0,5,0,1
google_monitoring_slo,14,77,0,0
google_monitoring_uptime_check_config,6,25,2,0
google_netapp_active_directory,0,6,0,2
google_netapp_backup,0,5,0,2
google_netapp_backup_policy,0,3,0,2
google_netapp_backup_vault,0,4,0,2
google_netapp_host_group,1,3,0,2
google_netapp_kmsconfig,0,3,0,2
google_netapp_storage_pool,1,3,0,2
google_netapp_volume,3,30,5,3
google_netapp_volume_quota_rule,0,3,0,2
google_netapp_volume_replication,0,6,0,7
google_netapp_volume_snapshot,0,3,0,2
google_network_connectivity_group,4,4,0,2
google_network_connectivity_hub,0,3,1,3
google_network_connectivity_internal_range,1,8,0,3
google_network_connectivity_policy_based_route,3,5,0,5
google_network_connectivity_regional_endpoint,0,3,0,2
google_network_connectivity_service_connection_policy,2,13,0,6
google_network_connectivity_spoke,17,23,1,5
google_network_management_connectivity_test,2,10,0,2
google_network_management_organization_vpc_flow_logs_config,0,3,0,2
google_network_management_vpc_flow_logs_config,0,4,0,2
google_network_security_address_group,0,3,1,2
google_network_security_address_group_iam_binding,2,1,0,0
google_network_security_address_group_iam_member,1,1,0,0
google_network_security_address_group_iam_policy,1,0,0,0
google_network_security_authorization_policy,9,17,0,2
google_network_security_authz_policy,7,149,0,2
google_network_security_backend_authentication_config,0,5,0,2
google_network_security_client_tls_policy,0,13,0,2
google_network_security_dns_threat_detector,0,4,0,2
google_network_security_firewall_endpoint,0,2,0,3
google_network_security_firewall_endpoint_association,0,2,0,2
google_network_security_gateway_security_policy,0,1,0,0
google_network_security_gateway_security_policy_rule,0,1,0,0
google_network_security_intercept_deployment,0,3,0,2
google_network_security_intercept_deployment_group,0,3,0,4
google_network_security_intercept_endpoint_group,0,3,0,6
google_network_security_intercept_endpoint_group_association,0,3,0,4
google_network_security_mirroring_deployment,0,3,0,2
google_network_security_mirroring_deployment_group,0,3,0,4
google_network_security_mirroring_endpoint,0,3,0,2
google_network_security_mirroring_endpoint_group,0,4,0,6
google_network_security_mirroring_endpoint_group_association,0,3,0,4
google_network_security_security_profile,0,17,0,2
google_network_security_security_profile_group,0,2,0,2
google_network_security_server_tls_policy,0,17,0,2
google_network_security_tls_inspection_policy,0,3,0,0
google_network_security_url_lists,1,1,0,0
google_network_services_authz_extension,2,5,0,2
google_network_services_edge_cache_keyset,0,5,0,2
google_network_services_edge_cache_origin,0,20,1,2
google_network_services_edge_cache_service,22,165,0,4
google_network_services_endpoint_policy,5,7,0,2
google_network_services_gateway,1,5,1,2
google_network_services_grpc_route,2,36,0,2
google_network_services_http_route,2,106,0,2
google_network_services_lb_route_extension,10,9,0,2
google_network_services_lb_traffic_extension,10,15,0,2
google_network_services_mesh,0,3,0,2
google_network_services_multicast_domain,1,3,0,2
google_network_services_service_binding,0,3,0,2
google_network_services_service_lb_policies,0,6,0,2
google_network_services_tcp_route,3,10,0,2
google_network_services_tls_route,5,12,0,0
google_network_services_wasm_plugin,1,6,0,3
google_notebooks_environment,1,3,0,0
google_notebooks_instance,2,12,8,2
google_notebooks_instance_iam_binding,2,1,0,0
google_notebooks_instance_iam_member,1,1,0,0
google_notebooks_instance_iam_policy,1,0,0,0
google_notebooks_runtime,4,22,21,16
google_notebooks_runtime_iam_binding,2,1,0,0
google_notebooks_runtime_iam_member,1,1,0,0
google_notebooks_runtime_iam_policy,1,0,0,0
google_observability_trace_scope,1,1,0,0
google_oracle_database_autonomous_database,1,5,0,30
google_oracle_database_cloud_exadata_infrastructure,0,6,14,2
google_oracle_database_cloud_vm_cluster,0,8,4,4
google_oracle_database_db_system,5,30,2,2
google_oracle_database_odb_network,0,3,0,2
google_oracle_database_odb_subnet,0,3,0,2
google_org_policy_custom_constraint,2,0,0,0
google_org_policy_policy,2,52,0,0
google_organization_access_approval_settings,2,0,2,0
google_organization_iam_audit_config,1,2,0,0
google_organization_iam_binding,2,1,0,0
google_organization_iam_custom_role,1,1,0,0
google_organization_iam_member,1,1,0,0
google_organization_iam_policy,1,0,0,0
google_organization_policy,1,19,0,0
google_os_config_guest_policies,7,90,28,0
google_os_config_os_policy_assignment,41,221,1,0
google_os_config_patch_deployment,10,111,0,0
google_os_config_v2_policy_orchestrator,62,346,0,5
google_os_config_v2_policy_orchestrator_for_folder,62,329,0,21
google_os_config_v2_policy_orchestrator_for_organization,62,345,0,5
google_os_login_ssh_public_key,0,0,0,0
google_parallelstore_instance,0,3,0,3
google_parameter_manager_parameter,0,3,0,3
google_parameter_manager_parameter_version,1,0,0,0
google_parameter_manager_regional_parameter,0,3,0,3
google_parameter_manager_regional_parameter_version,1,0,0,0
google_privateca_ca_pool,32,72,0,2
google_privateca_ca_pool_iam_binding,2,1,0,0
google_privateca_ca_pool_iam_member,1,1,0,0
google_privateca_ca_pool_iam_policy,1,0,0,0
google_privateca_certificate,38,77,0,138
google_privateca_certificate_authority,41,84,2,6
google_privateca_certificate_template,17,123,0,2
google_privateca_certificate_template_iam_binding,2,1,0,0
google_privateca_certificate_template_iam_member,1,1,0,0
google_privateca_certificate_template_iam_policy,1,0,0,0
google_privileged_access_manager_entitlement,31,22,0,0
google_privileged_access_manager_settings,0,15,0,0
google_project,0,4,0,2
google_project_access_approval_settings,2,0,2,0
google_project_default_service_accounts,0,0,0,0
google_project_iam_audit_config,1,2,0,0
google_project_iam_binding,2,1,0,0
google_project_iam_custom_role,1,2,0,0
google_project_iam_member,1,1,0,0
google_project_iam_member_remove,0,0,0,0
google_project_iam_policy,1,0,0,0
google_project_organization_policy,1,19,0,0
google_project_service,0,1,1,0
google_project_service_identity,0,1,0,0
google_project_usage_export_bucket,0,1,0,0
google_public_ca_external_account_key,0,1,0,0
google_pubsub_lite_reservation,1,1,0,0
google_pubsub_lite_subscription,2,2,0,0
google_pubsub_lite_topic,1,8,0,0
google_pubsub_schema,1,1,0,0
google_pubsub_schema_iam_binding,2,1,0,0
google_pubsub_schema_iam_member,1,1,0,0
google_pubsub_schema_iam_policy,1,0,0,0
google_pubsub_subscription,3,22,5,2
google_pubsub_subscription_iam_binding,2,1,0,0
google_pubsub_subscription_iam_member,1,1,0,0
google_pubsub_subscription_iam_policy,1,0,0,0
google_pubsub_topic,5,30,1,2
google_pubsub_topic_iam_binding,2,1,0,0
google_pubsub_topic_iam_member,1,1,0,0
google_pubsub_topic_iam_policy,1,0,0,0
google_redis_cluster,12,18,7,20
google_redis_cluster_user_created_connections,0,7,0,0
google_redis_instance,3,8,3,5
google_resource_manager_capability,0,0,0,0
google_resource_manager_lien,1,0,0,0
google_runtimeconfig_config,0,1,0,0
google_runtimeconfig_config_iam_binding,2,1,0,0
google_runtimeconfig_config_iam_member,1,1,0,0
google_runtimeconfig_config_iam_policy,1,0,0,0
google_runtimeconfig_variable,0,1,0,0
google_saas_runtime_release,0,10,0,5
google_saas_runtime_rollout_kind,0,6,0,3
google_saas_runtime_saas,0,6,0,3
google_saas_runtime_tenant,0,5,0,3
google_saas_runtime_unit,0,6,0,11
google_saas_runtime_unit_kind,0,16,0,3
google_scc_event_threat_detection_custom_module,1,0,0,0
google_scc_folder_custom_module,8,9,0,0
google_scc_folder_notification_config,1,0,0,0
google_scc_folder_scc_big_query_export,0,0,0,0
google_scc_management_folder_security_health_analytics_custom_module,3,14,0,0
google_scc_management_organization_event_threat_detection_custom_module,0,1,0,0
google_scc_management_organization_security_health_analytics_custom_module,7,10,0,0
google_scc_management_project_security_health_analytics_custom_module,7,11,0,0
google_scc_mute_config,0,0,0,0
google_scc_notification_config,1,0,0,0
google_scc_organization_custom_module,8,9,0,0
google_scc_organization_scc_big_query_export,0,0,0,0
google_scc_project_custom_module,8,10,0,0
google_scc_project_notification_config,1,1,0,0
google_scc_project_scc_big_query_export,0,1,0,0
google_scc_source,0,0,0,0
google_scc_source_iam_binding,2,1,0,0
google_scc_source_iam_member,1,1,0,0
google_scc_source_iam_policy,1,0,0,0
google_scc_v2_folder_mute_config,0,0,0,0
google_scc_v2_folder_notification_config,1,0,0,0
google_scc_v2_folder_scc_big_query_export,0,0,0,0
google_scc_v2_organization_mute_config,0,0,0,0
google_scc_v2_organization_notification_config,1,0,0,0
google_scc_v2_organization_scc_big_query_export,0,0,0,0
google_scc_v2_organization_scc_big_query_exports,0,0,0,0
google_scc_v2_organization_source,0,0,0,0
google_scc_v2_organization_source_iam_binding,2,1,0,0
google_scc_v2_organization_source_iam_member,1,1,0,0
google_scc_v2_organization_source_iam_policy,1,0,0,0
google_scc_v2_project_mute_config,0,1,0,0
google_scc_v2_project_notification_config,1,1,0,0
google_scc_v2_project_scc_big_query_export,0,1,0,0
google_secret_manager_regional_secret,0,10,0,3
google_secret_manager_regional_secret_iam_binding,2,1,0,0
google_secret_manager_regional_secret_iam_member,1,1,0,0
google_secret_manager_regional_secret_iam_policy,1,0,0,0
google_secret_manager_regional_secret_version,1,0,0,1
google_secret_manager_secret,4,21,0,3
google_secret_manager_secret_iam_binding,2,1,0,0
google_secret_manager_secret_iam_member,1,1,0,0
google_secret_manager_secret_iam_policy,1,0,0,0
google_secret_manager_secret_version,1,0,0,0
google_secure_source_manager_branch_rule,0,1,0,0
google_secure_source_manager_hook,0,1,2,0
google_secure_source_manager_instance,0,5,0,3
google_secure_source_manager_instance_iam_binding,2,1,0,0
google_secure_source_manager_instance_iam_member,1,1,0,0
google_secure_source_manager_instance_iam_policy,1,0,0,0
google_secure_source_manager_repository,1,4,0,1
google_secure_source_manager_repository_iam_binding,2,1,0,0
google_secure_source_manager_repository_iam_member,1,1,0,0
google_secure_source_manager_repository_iam_policy,1,0,0,0
google_security_scanner_scan_config,1,9,0,0
google_securityposture_posture,52,98,0,0
google_securityposture_posture_deployment,0,0,0,0
google_service_account,0,2,0,0
google_service_account_iam_binding,2,1,0,0
google_service_account_iam_member,1,1,0,0
google_service_account_iam_policy,1,0,0,0
google_service_account_key,0,0,0,0
google_service_directory_endpoint,0,1,0,0
google_service_directory_namespace,0,3,0,2
google_service_directory_namespace_iam_binding,2,1,0,0
google_service_directory_namespace_iam_member,1,1,0,0
google_service_directory_namespace_iam_policy,1,0,0,0
google_service_directory_service,0,1,0,0
google_service_directory_service_iam_binding,2,1,0,0
google_service_directory_service_iam_member,1,1,0,0
google_service_directory_service_iam_policy,1,0,0,0
google_service_networking_connection,2,0,0,0
google_service_networking_peered_dns_domain,0,1,0,0
google_service_networking_vpc_service_controls,0,0,0,0
google_service_usage_consumer_quota_override,0,2,0,0
google_site_verification_owner,1,0,0,0
google_site_verification_web_resource,1,0,0,1
google_sourcerepo_repository,0,3,0,0
google_sourcerepo_repository_iam_binding,2,1,0,0
google_sourcerepo_repository_iam_member,1,1,0,0
google_sourcerepo_repository_iam_policy,1,0,0,0
google_spanner_backup_schedule,2,8,1,0
google_spanner_database,1,6,0,0
google_spanner_database_iam_binding,2,1,0,0
google_spanner_database_iam_member,1,1,0,0
google_spanner_database_iam_policy,1,0,0,0
google_spanner_instance,11,10,0,2
google_spanner_instance_config,2,3,0,2
google_spanner_instance_iam_binding,2,1,0,0
google_spanner_instance_iam_member,1,1,0,0
google_spanner_instance_iam_policy,1,0,0,0
google_spanner_instance_partition,2,1,0,0
google_sql_database,0,1,1,0
google_sql_database_instance,1,78,26,4
google_sql_source_representation_instance,0,1,0,0
google_sql_ssl_cert,0,1,0,0
google_sql_user,1,3,0,5
google_storage_anywhere_cache,1,0,0,0
google_storage_batch_operations_job,2,18,0,0
google_storage_bucket,17,38,3,2
google_storage_bucket_access_control,1,0,0,0
google_storage_bucket_acl,0,1,1,0
google_storage_bucket_iam_binding,2,1,0,0
google_storage_bucket_iam_member,1,1,0,0
google_storage_bucket_iam_policy,1,0,0,0
google_storage_bucket_object,0,5,1,0
google_storage_control_folder_intelligence_config,12,18,0,2
google_storage_control_organization_intelligence_config,12,18,0,2
google_storage_control_project_intelligence_config,12,18,0,2
google_storage_default_object_access_control,1,0,0,1
google_storage_default_object_acl,0,0,1,0
google_storage_folder,0,0,0,0
google_storage_hmac_key,0,1,0,0
google_storage_insights_dataset_config,9,11,0,1
google_storage_insights_report_config,8,7,0,0
google_storage_managed_folder,1,0,0,0
google_storage_managed_folder_iam_binding,2,1,0,0
google_storage_managed_folder_iam_member,1,1,0,0
google_storage_managed_folder_iam_policy,1,0,0,0
google_storage_object_access_control,1,0,0,1
google_storage_object_acl,0,1,1,0
google_storage_transfer_agent_pool,0,2,0,0
google_storage_transfer_job,2,82,0,0
google_tags_location_tag_binding,1,0,0,0
google_tags_tag_binding,0,0,0,0
google_tags_tag_key,1,1,0,0
google_tags_tag_key_iam_binding,2,1,0,0
google_tags_tag_key_iam_member,1,1,0,0
google_tags_tag_key_iam_policy,1,0,0,0
google_tags_tag_value,0,0,0,0
google_tags_tag_value_iam_binding,2,1,0,0
google_tags_tag_value_iam_member,1,1,0,0
google_tags_tag_value_iam_policy,1,0,0,0
google_tpu_v2_queued_resource,6,4,4,0
google_tpu_v2_vm,0,10,7,6
google_transcoder_job,0,35,71,2
google_transcoder_job_template,0,35,71,2
google_vertex_ai_cache_config,0,1,0,0
google_vertex_ai_dataset,0,4,0,2
google_vertex_ai_deployment_resource_pool,2,4,0,0
google_vertex_ai_endpoint,0,12,1,15
google_vertex_ai_endpoint_iam_binding,2,1,0,0
google_vertex_ai_endpoint_iam_member,1,1,0,0
google_vertex_ai_endpoint_iam_policy,1,0,0,0
google_vertex_ai_endpoint_with_model_garden_deployment,3,132,0,0
google_vertex_ai_feature_group,2,6,0,2
google_vertex_ai_feature_group_feature,0,3,0,2
google_vertex_ai_feature_group_iam_binding,2,1,0,0
google_vertex_ai_feature_group_iam_member,1,1,0,0
google_vertex_ai_feature_group_iam_policy,1,0,0,0
google_vertex_ai_feature_online_store,2,10,2,2
google_vertex_ai_feature_online_store_featureview,7,13,0,2
google_vertex_ai_feature_online_store_featureview_iam_binding,2,1,0,0
google_vertex_ai_feature_online_store_featureview_iam_member,1,1,0,0
google_vertex_ai_feature_online_store_featureview_iam_policy,1,0,0,0
google_vertex_ai_feature_online_store_iam_binding,2,1,0,0
google_vertex_ai_feature_online_store_iam_member,1,1,0,0
google_vertex_ai_feature_online_store_iam_policy,1,0,0,0
google_vertex_ai_featurestore,0,7,0,2
google_vertex_ai_featurestore_entitytype,0,11,0,2
google_vertex_ai_featurestore_entitytype_feature,0,2,0,2
google_vertex_ai_featurestore_entitytype_iam_binding,2,1,0,0
google_vertex_ai_featurestore_entitytype_iam_member,1,1,0,0
google_vertex_ai_featurestore_entitytype_iam_policy,1,0,0,0
google_vertex_ai_featurestore_iam_binding,2,1,0,0
google_vertex_ai_featurestore_iam_member,1,1,0,0
google_vertex_ai_featurestore_iam_policy,1,0,0,0
google_vertex_ai_index,3,15,0,4
google_vertex_ai_index_endpoint,0,6,1,2
google_vertex_ai_index_endpoint_deployed_index,4,11,1,3
google_vertex_ai_metadata_store,0,2,0,1
google_vertex_ai_rag_engine_config,1,7,0,0
google_vertex_ai_reasoning_engine,4,15,0,0
google_vertex_ai_tensorboard,0,4,0,2
google_vmwareengine_cluster,2,11,0,0
google_vmwareengine_external_access_rule,4,0,0,0
google_vmwareengine_external_address,0,0,0,0
google_vmwareengine_network,0,1,0,1
google_vmwareengine_network_peering,0,1,0,0
google_vmwareengine_network_policy,0,1,2,0
google_vmwareengine_private_cloud,5,20,0,3
google_vmwareengine_subnet,0,0,0,1
google_vpc_access_connector,0,4,1,1
google_workbench_instance,0,22,34,7
google_workbench_instance_iam_binding,2,1,0,0
google_workbench_instance_iam_member,1,1,0,0
google_workbench_instance_iam_policy,1,0,0,0
google_workflows_workflow,0,5,1,2
google_workstations_workstation,0,6,0,3
google_workstations_workstation_cluster,0,8,2,6
google_workstations_workstation_config,0,29,21,6
google_workstations_workstation_config_iam_binding,2,1,0,0
google_workstations_workstation_config_iam_member,1,1,0,0
google_workstations_workstation_config_iam_policy,1,0,0,0
google_workstations_workstation_iam_binding,2,1,0,0
google_workstations_workstation_iam_member,1,1,0,0
google_workstations_workstation_iam_policy,1,0,0,0
