resource,Representation,NullEmpty,Ordering,CustomizeDiff,NestedBlock
google_access_context_manager_access_level,0,0,0,0,45
google_access_context_manager_access_level_condition,1,0,0,0,17
google_access_context_manager_access_levels,0,0,0,0,61
google_access_context_manager_access_policy,0,0,0,0,1
google_access_context_manager_access_policy_iam_binding,0,0,1,0,2
google_access_context_manager_access_policy_iam_member,1,0,0,0,1
google_access_context_manager_access_policy_iam_policy,1,0,0,0,0
google_access_context_manager_authorized_orgs_desc,0,0,0,0,1
google_access_context_manager_egress_policy,1,0,0,0,0
google_access_context_manager_gcp_user_access_binding,0,0,0,0,25
google_access_context_manager_ingress_policy,1,0,0,0,0
google_access_context_manager_service_perimeter,16,0,58,0,164
google_access_context_manager_service_perimeter_dry_run_egress_policy,7,0,0,0,17
google_access_context_manager_service_perimeter_dry_run_ingress_policy,7,0,0,0,15
google_access_context_manager_service_perimeter_dry_run_resource,1,0,0,0,0
google_access_context_manager_service_perimeter_egress_policy,7,0,0,0,17
google_access_context_manager_service_perimeter_ingress_policy,7,0,0,0,15
google_access_context_manager_service_perimeter_resource,1,0,0,0,0
google_access_context_manager_service_perimeters,0,0,96,0,215
google_active_directory_domain,0,0,1,2,5
google_active_directory_domain_trust,0,0,1,1,1
google_active_directory_peering,0,0,0,2,3
google_alloydb_backup,1,0,0,3,10
google_alloydb_cluster,2,0,0,3,52
google_alloydb_instance,1,0,0,2,24
google_alloydb_user,1,0,0,0,1
google_api_gateway_api,0,0,0,2,3
google_api_gateway_api_config,0,0,0,2,15
google_api_gateway_api_config_iam_binding,0,0,1,0,2
google_api_gateway_api_config_iam_member,1,0,0,0,1
google_api_gateway_api_config_iam_policy,1,0,0,0,0
google_api_gateway_api_iam_binding,0,0,1,0,2
google_api_gateway_api_iam_member,1,0,0,0,1
google_api_gateway_api_iam_policy,1,0,0,0,0
google_api_gateway_gateway,1,0,0,2,3
google_api_gateway_gateway_iam_binding,0,0,1,0,2
google_api_gateway_gateway_iam_member,1,0,0,0,1
google_api_gateway_gateway_iam_policy,1,0,0,0,0
google_apigee_addons_config,0,0,0,0,11
google_apigee_api,1,0,0,3,2
google_apigee_api_deployment,0,0,0,0,0
google_apigee_api_product,0,0,14,0,49
google_apigee_app_group,0,0,0,0,1
google_apigee_control_plane_access,0,0,0,0,2
google_apigee_developer,0,0,0,0,1
google_apigee_developer_app,0,0,2,0,10
google_apigee_dns_zone,0,0,0,0,1
google_apigee_endpoint_attachment,0,0,0,0,0
google_apigee_env_keystore,0,0,0,0,1
google_apigee_env_references,0,0,0,0,0
google_apigee_envgroup,0,0,0,0,1
google_apigee_envgroup_attachment,0,0,0,0,0
google_apigee_environment,0,0,0,0,7
google_apigee_environment_addons_config,0,0,0,0,0
google_apigee_environment_api_revision_deployment,0,0,0,0,1
google_apigee_environment_iam_binding,0,0,1,0,2
google_apigee_environment_iam_member,1,0,0,0,1
google_apigee_environment_iam_policy,1,0,0,0,0
google_apigee_environment_keyvaluemaps,0,0,0,0,0
google_apigee_environment_keyvaluemaps_entries,0,0,0,0,0
google_apigee_flowhook,0,0,0,0,0
google_apigee_instance,1,0,0,0,2
google_apigee_instance_attachment,0,0,0,0,0
google_apigee_keystores_aliases_pkcs12,0,0,0,0,6
google_apigee_keystores_aliases_self_signed_cert,0,0,0,0,8
google_apigee_nat_address,0,0,0,0,0
google_apigee_organization,0,0,0,0,3
google_apigee_security_action,0,0,0,0,29
google_apigee_security_monitoring_condition,0,0,0,0,1
google_apigee_security_profile_v2,0,0,0,0,1
google_apigee_sharedflow,1,0,0,3,2
google_apigee_sharedflow_deployment,0,0,0,0,0
google_apigee_sync_authorization,0,0,0,0,1
google_apigee_target_server,0,0,0,0,7
google_apihub_api_hub_instance,0,0,0,2,4
google_apihub_curation,0,0,0,1,4
google_apihub_host_project_registration,1,0,0,1,0
google_apihub_plugin,0,0,0,1,20
google_apihub_plugin_instance,0,0,0,1,29
google_app_engine_application,0,0,0,2,3
google_app_engine_application_url_dispatch_rules,0,0,0,1,1
google_app_engine_domain_mapping,0,0,0,1,2
google_app_engine_firewall_rule,0,0,0,1,0
google_app_engine_flexible_app_version,1,0,1,1,43
google_app_engine_service_network_settings,0,0,0,1,1
google_app_engine_service_split_traffic,0,0,0,1,3
google_app_engine_standard_app_version,1,0,1,1,23
google_apphub_application,0,0,0,2,12
google_apphub_service,1,0,0,1,13
google_apphub_service_project_attachment,1,0,0,1,0
google_apphub_workload,1,0,0,1,13
google_artifact_registry_repository,10,0,1,2,64
google_artifact_registry_repository_iam_binding,0,0,1,0,2
google_artifact_registry_repository_iam_member,1,0,0,0,1
google_artifact_registry_repository_iam_policy,1,0,0,0,0
google_artifact_registry_vpcsc_config,0,0,0,1,0
google_backup_dr_backup_plan,1,0,0,1,19
google_backup_dr_backup_plan_association,1,0,0,1,3
google_backup_dr_backup_vault,0,0,0,3,5
google_backup_dr_management_server,0,0,0,1,2
google_backup_dr_service_config,0,0,0,1,0
google_beyondcorp_app_connection,0,0,0,2,6
google_beyondcorp_app_connector,0,0,0,2,6
google_beyondcorp_app_gateway,0,0,0,2,4
google_beyondcorp_security_gateway,0,0,1,1,29
google_beyondcorp_security_gateway_application,0,0,0,1,39
google_beyondcorp_security_gateway_application_iam_binding,0,0,1,0,2
google_beyondcorp_security_gateway_application_iam_member,1,0,0,0,1
google_beyondcorp_security_gateway_application_iam_policy,1,0,0,0,0
google_beyondcorp_security_gateway_iam_binding,0,0,1,0,2
google_beyondcorp_security_gateway_iam_member,1,0,0,0,1
google_beyondcorp_security_gateway_iam_policy,1,0,0,0,0
google_biglake_catalog,0,0,0,1,0
google_biglake_database,0,0,0,0,3
google_biglake_table,0,0,0,0,5
google_bigquery_analytics_hub_data_exchange,0,0,0,1,5
google_bigquery_analytics_hub_data_exchange_iam_binding,0,0,1,0,2
google_bigquery_analytics_hub_data_exchange_iam_member,1,0,0,0,1
google_bigquery_analytics_hub_data_exchange_iam_policy,1,0,0,0,0
google_bigquery_analytics_hub_data_exchange_subscription,7,0,0,1,7
google_bigquery_analytics_hub_listing,10,0,2,1,13
google_bigquery_analytics_hub_listing_iam_binding,0,0,1,0,2
google_bigquery_analytics_hub_listing_iam_member,1,0,0,0,1
google_bigquery_analytics_hub_listing_iam_policy,1,0,0,0,0
google_bigquery_analytics_hub_listing_subscription,3,0,0,1,10
google_bigquery_bi_reservation,0,0,0,1,1
google_bigquery_capacity_commitment,2,0,0,1,0
google_bigquery_connection,0,0,0,1,14
google_bigquery_connection_iam_binding,0,0,1,0,2
google_bigquery_connection_iam_member,1,0,0,0,1
google_bigquery_connection_iam_policy,1,0,0,0,0
google_bigquery_data_transfer_config,0,0,0,3,5
google_bigquery_datapolicy_data_policy,3,0,0,1,1
google_bigquery_datapolicy_data_policy_iam_binding,0,0,1,0,2
google_bigquery_datapolicy_data_policy_iam_member,1,0,0,0,1
google_bigquery_datapolicy_data_policy_iam_policy,1,0,0,0,0
google_bigquery_datapolicyv2_data_policy,2,0,0,1,2
google_bigquery_datapolicyv2_data_policy_iam_binding,0,0,1,0,2
google_bigquery_datapolicyv2_data_policy_iam_member,1,0,0,0,1
google_bigquery_datapolicyv2_data_policy_iam_policy,1,0,0,0,0
google_bigquery_dataset,1,0,1,2,24
google_bigquery_dataset_access,6,0,0,1,8
google_bigquery_dataset_iam_binding,0,0,1,0,2
google_bigquery_dataset_iam_member,1,0,0,0,1
google_bigquery_dataset_iam_policy,1,0,0,0,0
google_bigquery_job,18,0,0,2,52
google_bigquery_reservation,0,0,0,1,4
google_bigquery_reservation_assignment,2,0,0,1,0
google_bigquery_routine,4,0,0,1,16
google_bigquery_row_access_policy,0,0,0,1,1
google_bigquery_table,10,0,0,3,66
google_bigquery_table_iam_binding,0,0,1,0,2
google_bigquery_table_iam_member,1,0,0,0,1
google_bigquery_table_iam_policy,1,0,0,0,0
google_bigtable_app_profile,1,0,0,1,4
google_bigtable_authorized_view,2,0,0,1,11
google_bigtable_gc_policy,3,0,0,1,2
google_bigtable_instance,0,0,0,4,6
google_bigtable_instance_iam_binding,0,0,1,0,2
google_bigtable_instance_iam_member,1,0,0,0,1
google_bigtable_instance_iam_policy,1,0,0,0,0
google_bigtable_logical_view,1,0,0,1,0
google_bigtable_materialized_view,1,0,0,1,0
google_bigtable_schema_bundle,2,0,0,1,1
google_bigtable_table,4,0,1,2,4
google_bigtable_table_iam_binding,0,0,1,0,2
google_bigtable_table_iam_member,1,0,0,0,1
google_bigtable_table_iam_policy,1,0,0,0,0
google_billing_account_iam_binding,0,0,1,0,2
google_billing_account_iam_member,1,0,0,0,1
google_billing_account_iam_policy,1,0,0,0,0
google_billing_budget,2,0,4,0,28
google_billing_project_info,0,0,0,1,0
google_billing_subaccount,1,0,0,0,0
google_binary_authorization_attestor,6,0,0,1,6
google_binary_authorization_attestor_iam_binding,0,0,1,0,2
google_binary_authorization_attestor_iam_member,1,0,0,0,1
google_binary_authorization_attestor_iam_policy,1,0,0,0,0
google_binary_authorization_policy,4,0,5,1,7
google_blockchain_node_engine_blockchain_nodes,0,0,0,2,16
google_certificate_manager_certificate,5,0,0,2,14
google_certificate_manager_certificate_issuance_config,3,0,0,2,6
google_certificate_manager_certificate_map,0,0,0,2,9
google_certificate_manager_certificate_map_entry,2,0,0,2,4
google_certificate_manager_dns_authorization,0,0,0,2,4
google_certificate_manager_trust_config,0,0,0,2,9
google_ces_app,18,0,0,1,51
google_ces_toolset,0,0,0,1,26
google_chronicle_data_access_label,0,0,0,1,0
google_chronicle_data_access_scope,0,0,0,1,6
google_chronicle_reference_list,3,0,0,1,8
google_chronicle_retrohunt,0,0,0,1,2
google_chronicle_rule,1,0,0,1,8
google_chronicle_rule_deployment,1,0,0,1,2
google_chronicle_watchlist,0,0,0,1,5
google_cloud_asset_folder_feed,0,0,0,0,6
google_cloud_asset_organization_feed,0,0,0,0,6
google_cloud_asset_project_feed,0,0,0,1,6
google_cloud_identity_group,0,0,0,0,3
google_cloud_identity_group_membership,1,0,0,0,5
google_cloud_ids_endpoint,0,0,0,1,1
google_cloud_quotas_quota_adjuster_settings,0,0,0,0,0
google_cloud_quotas_quota_preference,3,0,0,0,4
google_cloud_run_domain_mapping,2,0,0,4,17
google_cloud_run_service,6,0,0,4,179
google_cloud_run_service_iam_binding,0,0,1,0,2
google_cloud_run_service_iam_member,1,0,0,0,1
google_cloud_run_service_iam_policy,1,0,0,0,0
google_cloud_run_v2_job,1,0,0,3,141
google_cloud_run_v2_job_iam_binding,0,0,1,0,2
google_cloud_run_v2_job_iam_member,1,0,0,0,1
google_cloud_run_v2_job_iam_policy,1,0,0,0,0
google_cloud_run_v2_service,1,0,4,3,147
google_cloud_run_v2_service_iam_binding,0,0,1,0,2
google_cloud_run_v2_service_iam_member,1,0,0,0,1
google_cloud_run_v2_service_iam_policy,1,0,0,0,0
google_cloud_run_v2_worker_pool,1,0,4,3,130
google_cloud_run_v2_worker_pool_iam_binding,0,0,1,0,2
google_cloud_run_v2_worker_pool_iam_member,1,0,0,0,1
google_cloud_run_v2_worker_pool_iam_policy,1,0,0,0,0
google_cloud_scheduler_job,6,1,0,3,16
google_cloud_tasks_queue,6,0,0,1,22
google_cloud_tasks_queue_iam_binding,0,0,1,0,2
google_cloud_tasks_queue_iam_member,1,0,0,0,1
google_cloud_tasks_queue_iam_policy,1,0,0,0,0
google_cloudbuild_bitbucket_server_config,0,0,0,1,2
google_cloudbuild_trigger,0,0,0,2,122
google_cloudbuildv2_connection,40,0,0,2,28
google_cloudbuildv2_connection_iam_binding,0,0,1,0,2
google_cloudbuildv2_connection_iam_member,1,0,0,0,1
google_cloudbuildv2_connection_iam_policy,1,0,0,0,0
google_cloudbuildv2_repository,1,0,0,2,2
google_clouddeploy_automation,0,0,0,3,40
google_clouddeploy_custom_target_type,0,0,0,3,20
google_clouddeploy_custom_target_type_iam_binding,0,0,1,0,2
google_clouddeploy_custom_target_type_iam_member,1,0,0,0,1
google_clouddeploy_custom_target_type_iam_policy,1,0,0,0,0
google_clouddeploy_delivery_pipeline_iam_binding,0,0,1,0,2
google_clouddeploy_delivery_pipeline_iam_member,1,0,0,0,1
google_clouddeploy_delivery_pipeline_iam_policy,1,0,0,0,0
google_clouddeploy_deploy_policy,0,0,0,3,71
google_clouddeploy_target_iam_binding,0,0,1,0,2
google_clouddeploy_target_iam_member,1,0,0,0,1
google_clouddeploy_target_iam_policy,1,0,0,0,0
google_clouddomains_registration,0,0,0,2,66
google_cloudfunctions2_function,2,0,0,2,36
google_cloudfunctions2_function_iam_binding,0,0,1,0,2
google_cloudfunctions2_function_iam_member,1,0,0,0,1
google_cloudfunctions2_function_iam_policy,1,0,0,0,0
google_cloudfunctions_function,3,0,0,3,12
google_cloudfunctions_function_iam_binding,0,0,1,0,2
google_cloudfunctions_function_iam_member,1,0,0,0,1
google_cloudfunctions_function_iam_policy,1,0,0,0,0
google_colab_notebook_execution,2,0,0,1,3
google_colab_runtime,2,0,0,1,1
google_colab_runtime_template,6,4,0,2,14
google_colab_runtime_template_iam_binding,0,0,1,0,2
google_colab_runtime_template_iam_member,1,0,0,0,1
google_colab_runtime_template_iam_policy,1,0,0,0,0
google_colab_schedule,4,0,0,1,9
google_composer_environment,31,0,6,6,80
google_composer_user_workloads_config_map,0,0,0,1,1
google_composer_user_workloads_secret,0,0,0,2,0
google_compute_address,3,1,0,2,4
google_compute_attached_disk,2,0,0,2,0
google_compute_autoscaler,2,0,0,2,19
google_compute_backend_bucket,1,0,0,1,17
google_compute_backend_bucket_iam_binding,0,0,1,0,2
google_compute_backend_bucket_iam_member,1,0,0,0,1
google_compute_backend_bucket_iam_policy,1,0,0,0,0
google_compute_backend_bucket_signed_url_key,1,0,0,1,0
google_compute_backend_service,8,0,10,1,70
google_compute_backend_service_iam_binding,0,0,1,0,2
google_compute_backend_service_iam_member,1,0,0,0,1
google_compute_backend_service_iam_policy,1,0,0,0,0
google_compute_backend_service_signed_url_key,1,0,0,1,0
google_compute_cross_site_network,0,0,0,1,0
google_compute_disk,16,0,0,3,14
google_compute_disk_async_replication,3,0,0,0,1
google_compute_disk_iam_binding,0,0,1,0,2
google_compute_disk_iam_member,1,0,0,0,1
google_compute_disk_iam_policy,1,0,0,0,0
google_compute_disk_resource_policy_attachment,2,0,0,2,0
google_compute_external_vpn_gateway,0,0,0,2,4
google_compute_firewall,7,0,8,3,16
google_compute_firewall_policy,1,0,0,1,0
google_compute_firewall_policy_association,2,0,0,1,0
google_compute_firewall_policy_rule,7,0,0,1,33
google_compute_firewall_policy_with_rules,0,0,0,0,101
google_compute_forwarding_rule,9,0,1,3,6
google_compute_future_reservation,0,0,0,1,82
google_compute_global_address,1,2,0,2,3
google_compute_global_forwarding_rule,6,0,0,2,8
google_compute_global_network_endpoint,1,0,0,1,0
google_compute_global_network_endpoint_group,0,0,0,1,0
google_compute_ha_vpn_gateway,4,0,0,2,4
google_compute_health_check,7,0,0,2,9
google_compute_http_health_check,0,0,0,1,0
google_compute_https_health_check,0,0,0,1,0
google_compute_image,25,0,0,2,20
google_compute_image_iam_binding,0,0,1,0,2
google_compute_image_iam_member,1,0,0,0,1
google_compute_image_iam_policy,1,0,0,0,0
google_compute_instance,55,3,6,7,63
google_compute_instance_from_machine_image,0,0,0,0,0
google_compute_instance_from_template,0,0,0,0,0
google_compute_instance_group,1,0,1,2,2
google_compute_instance_group_manager,6,2,5,3,31
google_compute_instance_group_membership,3,0,0,1,0
google_compute_instance_group_named_port,2,0,0,2,0
google_compute_instance_iam_binding,0,0,1,0,2
google_compute_instance_iam_member,1,0,0,0,1
google_compute_instance_iam_policy,1,0,0,0,0
google_compute_instance_settings,1,0,0,1,3
google_compute_instance_template,17,3,12,5,60
google_compute_instance_template_iam_binding,0,0,1,0,2
google_compute_instance_template_iam_member,1,0,0,0,1
google_compute_instance_template_iam_policy,1,0,0,0,0
google_compute_instant_snapshot,2,0,0,2,3
google_compute_instant_snapshot_iam_binding,0,0,1,0,2
google_compute_instant_snapshot_iam_member,1,0,0,0,1
google_compute_instant_snapshot_iam_policy,1,0,0,0,0
google_compute_interconnect,2,0,1,2,25
google_compute_interconnect_attachment,3,0,0,2,6
google_compute_interconnect_attachment_group,0,0,0,1,45
google_compute_interconnect_group,0,0,0,1,39
google_compute_machine_image,3,0,0,1,2
google_compute_machine_image_iam_binding,0,0,1,0,2
google_compute_machine_image_iam_member,1,0,0,0,1
google_compute_machine_image_iam_policy,1,0,0,0,0
google_compute_managed_ssl_certificate,2,0,0,1,4
google_compute_network,1,0,0,1,3
google_compute_network_attachment,1,0,0,1,4
google_compute_network_edge_security_service,1,0,0,1,0
google_compute_network_endpoint,3,0,0,2,0
google_compute_network_endpoint_group,3,0,0,2,0
google_compute_network_endpoints,4,0,0,2,1
google_compute_network_firewall_policy,0,0,0,1,0
google_compute_network_firewall_policy_association,2,0,0,1,0
google_compute_network_firewall_policy_packet_mirroring_rule,1,0,0,1,11
google_compute_network_firewall_policy_rule,7,0,0,1,32
google_compute_network_firewall_policy_with_rules,0,0,0,1,97
google_compute_network_peering,2,0,0,0,0
google_compute_network_peering_routes_config,1,0,0,1,0
google_compute_node_group,2,0,0,1,5
google_compute_node_template,1,0,0,1,5
google_compute_organization_security_policy,0,0,0,0,0
google_compute_organization_security_policy_association,0,0,0,0,0
google_compute_organization_security_policy_rule,0,0,0,0,18
google_compute_packet_mirroring,10,0,4,1,14
google_compute_per_instance_config,10,0,0,2,15
google_compute_preview_feature,0,0,0,1,3
google_compute_project_cloud_armor_tier,0,0,0,1,0
google_compute_project_default_network_tier,0,0,0,1,0
google_compute_project_metadata,0,0,0,1,1
google_compute_project_metadata_item,0,0,0,1,0
google_compute_public_advertised_prefix,0,0,0,1,0
google_compute_public_delegated_prefix,1,0,0,1,1
google_compute_region_autoscaler,2,0,0,2,19
google_compute_region_backend_service,10,0,8,2,55
google_compute_region_backend_service_iam_binding,0,0,1,0,2
google_compute_region_backend_service_iam_member,1,0,0,0,1
google_compute_region_backend_service_iam_policy,1,0,0,0,0
google_compute_region_commitment,1,0,0,1,2
google_compute_region_disk,7,0,0,3,10
google_compute_region_disk_iam_binding,0,0,1,0,2
google_compute_region_disk_iam_member,1,0,0,0,1
google_compute_region_disk_iam_policy,1,0,0,0,0
google_compute_region_disk_resource_policy_attachment,2,0,0,1,0
google_compute_region_health_check,8,0,0,2,8
google_compute_region_instance_group_manager,4,4,6,2,37
google_compute_region_instance_template,15,3,12,6,60
google_compute_region_network_endpoint,3,0,0,2,0
google_compute_region_network_endpoint_group,3,0,0,1,5
google_compute_region_network_firewall_policy,0,0,0,1,0
google_compute_region_network_firewall_policy_association,2,0,0,1,0
google_compute_region_network_firewall_policy_rule,6,0,0,2,32
google_compute_region_network_firewall_policy_with_rules,0,0,0,1,97
google_compute_region_per_instance_config,10,0,0,2,15
google_compute_region_resize_request,2,0,0,1,108
google_compute_region_security_policy,2,0,5,1,89
google_compute_region_security_policy_rule,0,0,0,1,53
google_compute_region_ssl_certificate,2,0,0,1,0
google_compute_region_ssl_policy,1,0,2,2,2
google_compute_region_target_http_proxy,2,0,0,1,0
google_compute_region_target_https_proxy,5,0,0,1,2
google_compute_region_target_tcp_proxy,2,0,0,1,0
google_compute_region_url_map,46,0,5,1,466
google_compute_reservation,1,0,0,1,16
google_compute_resize_request,2,0,0,1,108
google_compute_resource_policy,9,0,3,2,34
google_compute_resource_policy_attachment,2,0,0,2,0
google_compute_route,5,0,1,1,10
google_compute_router,3,0,0,2,9
google_compute_router_interface,3,0,0,2,0
google_compute_router_nat,6,0,21,2,26
google_compute_router_nat_address,3,0,1,2,2
google_compute_router_peer,5,0,0,1,7
google_compute_router_route_policy,2,0,0,1,5
google_compute_security_policy,0,0,0,3,100
google_compute_security_policy_rule,0,0,0,1,52
google_compute_service_attachment,4,0,1,2,7
google_compute_shared_vpc_host_project,0,0,0,0,0
google_compute_shared_vpc_service_project,0,0,0,1,0
google_compute_snapshot,2,0,0,2,7
google_compute_snapshot_iam_binding,0,0,1,0,2
google_compute_snapshot_iam_member,1,0,0,0,1
google_compute_snapshot_iam_policy,1,0,0,0,0
google_compute_snapshot_settings,0,0,0,1,3
google_compute_ssl_certificate,1,0,0,1,0
google_compute_ssl_policy,0,0,2,2,2
google_compute_storage_pool,2,0,0,2,5
google_compute_storage_pool_iam_binding,0,0,1,0,2
google_compute_storage_pool_iam_member,1,0,0,0,1
google_compute_storage_pool_iam_policy,1,0,0,0,0
google_compute_subnetwork,5,0,2,4,7
google_compute_subnetwork_iam_binding,0,0,1,0,2
google_compute_subnetwork_iam_member,1,0,0,0,1
google_compute_subnetwork_iam_policy,1,0,0,0,0
google_compute_target_grpc_proxy,1,0,0,1,0
google_compute_target_http_proxy,1,0,0,1,0
google_compute_target_https_proxy,4,0,0,1,2
google_compute_target_instance,2,0,0,1,0
google_compute_target_pool,0,0,1,2,2
google_compute_target_ssl_proxy,2,0,0,1,1
google_compute_target_tcp_proxy,1,0,0,1,0
google_compute_url_map,58,0,5,1,523
google_compute_vpn_gateway,2,0,0,1,0
google_compute_vpn_tunnel,6,0,23,2,31
google_compute_wire_group,1,0,0,1,16
google_contact_center_insights_analysis_rule,0,0,0,1,16
google_contact_center_insights_view,0,0,0,1,0
google_container_analysis_note,0,0,1,1,5
google_container_analysis_note_iam_binding,0,0,1,0,2
google_container_analysis_note_iam_member,1,0,0,0,1
google_container_analysis_note_iam_policy,1,0,0,0,0
google_container_analysis_occurrence,0,0,0,1,3
google_container_attached_cluster,1,0,0,2,25
google_container_cluster,62,27,2,10,340
google_container_node_pool,16,9,2,2,138
google_container_registry,1,0,0,1,0
google_data_catalog_entry,1,0,0,0,11
google_data_catalog_entry_group,0,0,0,2,0
google_data_catalog_entry_group_iam_binding,0,0,1,0,2
google_data_catalog_entry_group_iam_member,1,0,0,0,1
google_data_catalog_entry_group_iam_policy,1,0,0,0,0
google_data_catalog_policy_tag,0,0,0,0,1
google_data_catalog_policy_tag_iam_binding,0,0,1,0,2
google_data_catalog_policy_tag_iam_member,1,0,0,0,1
google_data_catalog_policy_tag_iam_policy,1,0,0,0,0
google_data_catalog_tag,0,0,0,0,1
google_data_catalog_tag_template,0,0,0,2,10
google_data_catalog_tag_template_iam_binding,0,0,1,0,2
google_data_catalog_tag_template_iam_member,1,0,0,0,1
google_data_catalog_tag_template_iam_policy,1,0,0,0,0
google_data_catalog_taxonomy,0,0,0,1,1
google_data_catalog_taxonomy_iam_binding,0,0,1,0,2
google_data_catalog_taxonomy_iam_member,1,0,0,0,1
google_data_catalog_taxonomy_iam_policy,1,0,0,0,0
google_data_fusion_instance,1,0,0,3,11
google_data_fusion_instance_iam_binding,0,0,1,0,2
google_data_fusion_instance_iam_member,1,0,0,0,1
google_data_fusion_instance_iam_policy,1,0,0,0,0
google_data_loss_prevention_deidentify_template,0,0,0,0,1345
google_data_loss_prevention_discovery_config,0,0,0,0,330
google_data_loss_prevention_inspect_template,0,0,0,0,181
google_data_loss_prevention_job_trigger,0,0,0,0,371
google_data_loss_prevention_stored_info_type,0,0,0,1,24
google_data_pipeline_pipeline,0,0,0,1,61
google_database_migration_service_connection_profile,0,0,0,2,61
google_database_migration_service_migration_job,0,0,0,2,13
google_database_migration_service_private_connection,0,0,0,2,7
google_dataflow_flex_template_job,2,0,0,2,4
google_dataflow_job,3,0,0,2,3
google_dataform_repository,0,0,0,2,7
google_dataform_repository_iam_binding,0,0,1,0,2
google_dataform_repository_iam_member,1,0,0,0,1
google_dataform_repository_iam_policy,1,0,0,0,0
google_dataform_repository_release_config,0,0,0,1,6
google_dataform_repository_workflow_config,0,0,0,1,8
google_dataplex_aspect_type,1,1,0,2,3
google_dataplex_aspect_type_iam_binding,0,0,1,0,2
google_dataplex_aspect_type_iam_member,1,0,0,0,1
google_dataplex_aspect_type_iam_policy,1,0,0,0,0
google_dataplex_asset_iam_binding,0,0,1,0,2
google_dataplex_asset_iam_member,1,0,0,0,1
google_dataplex_asset_iam_policy,1,0,0,0,0
google_dataplex_datascan,0,0,0,2,110
google_dataplex_datascan_iam_binding,0,0,1,0,2
google_dataplex_datascan_iam_member,1,0,0,0,1
google_dataplex_datascan_iam_policy,1,0,0,0,0
google_dataplex_entry,3,0,0,1,8
google_dataplex_entry_group,0,0,0,2,3
google_dataplex_entry_group_iam_binding,0,0,1,0,2
google_dataplex_entry_group_iam_member,1,0,0,0,1
google_dataplex_entry_group_iam_policy,1,0,0,0,0
google_dataplex_entry_link,0,0,0,1,1
google_dataplex_entry_type,0,0,0,2,5
google_dataplex_entry_type_iam_binding,0,0,1,0,2
google_dataplex_entry_type_iam_member,1,0,0,0,1
google_dataplex_entry_type_iam_policy,1,0,0,0,0
google_dataplex_glossary,0,0,0,2,3
google_dataplex_glossary_category,0,0,0,2,3
google_dataplex_glossary_iam_binding,0,0,1,0,2
google_dataplex_glossary_iam_member,1,0,0,0,1
google_dataplex_glossary_iam_policy,1,0,0,0,0
google_dataplex_glossary_term,0,0,0,2,3
google_dataplex_lake_iam_binding,0,0,1,0,2
google_dataplex_lake_iam_member,1,0,0,0,1
google_dataplex_lake_iam_policy,1,0,0,0,0
google_dataplex_task,0,0,0,2,74
google_dataplex_task_iam_binding,0,0,1,0,2
google_dataplex_task_iam_member,1,0,0,0,1
google_dataplex_task_iam_policy,1,0,0,0,0
google_dataplex_zone_iam_binding,0,0,1,0,2
google_dataplex_zone_iam_member,1,0,0,0,1
google_dataplex_zone_iam_policy,1,0,0,0,0
google_dataproc_autoscaling_policy,0,0,0,1,5
google_dataproc_autoscaling_policy_iam_binding,0,0,1,0,2
google_dataproc_autoscaling_policy_iam_member,1,0,0,0,1
google_dataproc_autoscaling_policy_iam_policy,1,0,0,0,0
google_dataproc_batch,2,0,0,2,67
google_dataproc_cluster,25,0,3,2,222
google_dataproc_cluster_iam_binding,0,0,1,0,2
google_dataproc_cluster_iam_member,1,0,0,0,1
google_dataproc_cluster_iam_policy,1,0,0,0,0
google_dataproc_gdc_application_environment,0,0,0,3,8
google_dataproc_gdc_service_instance,0,0,0,2,5
google_dataproc_gdc_spark_application,0,0,0,3,44
google_dataproc_job,0,0,0,2,106
google_dataproc_job_iam_binding,0,0,1,0,2
google_dataproc_job_iam_member,1,0,0,0,1
google_dataproc_job_iam_policy,1,0,0,0,0
google_dataproc_metastore_database_iam_binding,0,0,1,0,2
google_dataproc_metastore_database_iam_member,1,0,0,0,1
google_dataproc_metastore_database_iam_policy,1,0,0,0,0
google_dataproc_metastore_federation,0,0,0,2,5
google_dataproc_metastore_federation_iam_binding,0,0,1,0,2
google_dataproc_metastore_federation_iam_member,1,0,0,0,1
google_dataproc_metastore_federation_iam_policy,1,0,0,0,0
google_dataproc_metastore_service,2,0,0,2,33
google_dataproc_metastore_service_iam_binding,0,0,1,0,2
google_dataproc_metastore_service_iam_member,1,0,0,0,1
google_dataproc_metastore_service_iam_policy,1,0,0,0,0
google_dataproc_metastore_table_iam_binding,0,0,1,0,2
google_dataproc_metastore_table_iam_member,1,0,0,0,1
google_dataproc_metastore_table_iam_policy,1,0,0,0,0
google_dataproc_session_template,1,0,0,2,24
google_datastream_connection_profile,1,0,0,2,29
google_datastream_private_connection,0,0,0,2,8
google_datastream_stream,8,0,0,3,349
google_deployment_manager_deployment,0,0,0,2,6
google_developer_connect_account_connector,0,0,0,3,8
google_developer_connect_connection,0,0,0,3,37
google_developer_connect_git_repository_link,0,0,0,3,5
google_developer_connect_insights_config,0,0,0,3,18
google_dialogflow_agent,0,0,0,1,1
google_dialogflow_conversation_profile,0,0,0,1,151
google_dialogflow_cx_agent,4,0,0,1,25
google_dialogflow_cx_entity_type,0,0,0,0,4
google_dialogflow_cx_environment,0,0,0,1,1
google_dialogflow_cx_flow,66,0,0,0,176
google_dialogflow_cx_generative_settings,0,0,0,0,8
google_dialogflow_cx_generator,0,0,0,0,4
google_dialogflow_cx_intent,0,0,0,1,7
google_dialogflow_cx_page,155,0,0,0,347
google_dialogflow_cx_playbook,3,0,0,0,7
google_dialogflow_cx_security_settings,0,0,0,1,3
google_dialogflow_cx_test_case,19,0,0,0,90
google_dialogflow_cx_tool,4,0,0,0,32
google_dialogflow_cx_version,0,0,0,1,1
google_dialogflow_cx_webhook,0,0,0,0,36
google_dialogflow_encryption_spec,0,0,0,1,1
google_dialogflow_entity_type,0,0,0,1,3
google_dialogflow_fulfillment,0,0,0,1,4
google_dialogflow_intent,0,0,0,1,4
google_discovery_engine_acl_config,0,0,0,1,3
google_discovery_engine_assistant,0,0,0,1,8
google_discovery_engine_chat_engine,0,0,0,1,6
google_discovery_engine_cmek_config,0,0,0,1,1
google_discovery_engine_control,0,0,0,1,20
google_discovery_engine_data_connector,6,0,0,1,8
google_discovery_engine_data_store,0,0,0,1,62
google_discovery_engine_license_config,0,0,0,1,2
google_discovery_engine_recommendation_engine,0,0,0,1,13
google_discovery_engine_schema,1,0,0,1,0
google_discovery_engine_search_engine,0,0,0,1,6
google_discovery_engine_sitemap,0,0,0,1,0
google_discovery_engine_target_site,0,0,0,1,4
google_dns_managed_zone,7,0,4,2,22
google_dns_managed_zone_iam_binding,0,0,1,0,2
google_dns_managed_zone_iam_member,1,0,0,0,1
google_dns_managed_zone_iam_policy,1,0,0,0,0
google_dns_policy,2,0,3,1,7
google_dns_record_set,44,0,0,1,68
google_dns_response_policy,2,0,0,1,2
google_dns_response_policy_rule,1,0,0,1,6
google_document_ai_processor,0,0,0,1,0
google_document_ai_processor_default_version,1,0,0,0,0
google_document_ai_warehouse_document_schema,0,0,0,0,62
google_document_ai_warehouse_location,0,0,0,0,0
google_edgecontainer_cluster,0,0,0,2,44
google_edgecontainer_node_pool,0,0,0,2,7
google_edgecontainer_vpn_connection,0,0,0,2,9
google_edgenetwork_interconnect_attachment,1,0,0,2,3
google_edgenetwork_network,0,0,0,2,3
google_edgenetwork_subnet,1,0,0,2,5
google_endpoints_service,0,0,0,1,4
google_endpoints_service_consumers_iam_binding,0,0,1,0,2
google_endpoints_service_consumers_iam_member,1,0,0,0,1
google_endpoints_service_consumers_iam_policy,1,0,0,0,0
google_endpoints_service_iam_binding,0,0,1,0,2
google_endpoints_service_iam_member,1,0,0,0,1
google_endpoints_service_iam_policy,1,0,0,0,0
google_essential_contacts_contact,0,0,0,0,1
google_eventarc_channel,2,0,0,2,3
google_eventarc_enrollment,0,0,0,3,5
google_eventarc_google_api_source,0,0,0,3,6
google_eventarc_google_channel_config,2,0,0,1,0
google_eventarc_message_bus,1,0,0,3,6
google_eventarc_pipeline,0,0,0,3,41
google_eventarc_trigger,17,0,0,2,17
google_filestore_backup,0,0,0,2,4
google_filestore_instance,2,0,0,2,37
google_filestore_snapshot,0,0,0,2,3
google_firebase_android_app,0,0,0,1,2
google_firebase_app_check_app_attest_config,0,0,0,1,0
google_firebase_app_check_debug_token,0,0,0,1,0
google_firebase_app_check_device_check_config,0,0,0,1,0
google_firebase_app_check_play_integrity_config,0,0,0,1,0
google_firebase_app_check_recaptcha_enterprise_config,0,0,0,1,0
google_firebase_app_check_recaptcha_v3_config,0,0,0,1,0
google_firebase_app_check_service_config,0,0,0,1,0
google_firebase_app_hosting_backend,0,0,0,3,9
google_firebase_app_hosting_build,1,0,0,3,16
google_firebase_app_hosting_default_domain,0,0,0,1,0
google_firebase_app_hosting_domain,0,0,0,1,40
google_firebase_app_hosting_traffic,0,0,0,1,7
google_firebase_apple_app,0,0,0,1,0
google_firebase_data_connect_service,0,0,0,3,5
google_firebase_database_instance,0,0,0,1,0
google_firebase_extensions_instance,0,0,0,1,15
google_firebase_hosting_channel,0,0,0,1,3
google_firebase_hosting_custom_domain,2,0,0,1,39
google_firebase_hosting_release,1,0,0,0,0
google_firebase_hosting_site,0,0,0,1,0
google_firebase_hosting_version,0,0,0,0,13
google_firebase_project,0,0,0,1,0
google_firebase_storage_bucket,0,0,0,1,0
google_firebase_web_app,0,0,0,1,1
google_firestore_backup_schedule,0,0,0,1,2
google_firestore_database,0,0,0,1,4
google_firestore_document,1,0,0,1,0
google_firestore_field,0,0,0,1,4
google_firestore_index,1,0,0,1,6
google_firestore_user_creds,0,0,0,1,1
google_folder,0,0,0,0,2
google_folder_access_approval_settings,0,0,2,0,2
google_folder_iam_audit_config,0,0,0,0,3
google_folder_iam_binding,0,0,1,0,2
google_folder_iam_member,1,0,0,0,1
google_folder_iam_policy,1,0,0,0,0
google_folder_organization_policy,1,0,6,0,13
google_folder_service_identity,0,0,0,1,0
google_gemini_code_repository_index,0,0,0,2,3
google_gemini_code_tools_setting,0,0,0,2,6
google_gemini_code_tools_setting_binding,0,0,0,2,3
google_gemini_data_sharing_with_google_setting,0,0,0,2,3
google_gemini_data_sharing_with_google_setting_binding,0,0,0,2,3
google_gemini_gemini_gcp_enablement_setting,0,0,0,2,3
google_gemini_gemini_gcp_enablement_setting_binding,0,0,0,2,3
google_gemini_logging_setting,0,0,0,2,3
google_gemini_logging_setting_binding,0,0,0,2,3
google_gemini_release_channel_setting,0,0,0,2,3
google_gemini_release_channel_setting_binding,0,0,0,2,3
google_gemini_repository_group,0,0,0,2,4
google_gemini_repository_group_iam_binding,0,0,1,0,2
google_gemini_repository_group_iam_member,1,0,0,0,1
google_gemini_repository_group_iam_policy,1,0,0,0,0
google_gke_backup_backup_channel,0,0,0,2,3
google_gke_backup_backup_plan,0,0,0,2,45
google_gke_backup_backup_plan_iam_binding,0,0,1,0,2
google_gke_backup_backup_plan_iam_member,1,0,0,0,1
google_gke_backup_backup_plan_iam_policy,1,0,0,0,0
google_gke_backup_restore_channel,0,0,0,2,3
google_gke_backup_restore_plan,0,0,0,2,58
google_gke_backup_restore_plan_iam_binding,0,0,1,0,2
google_gke_backup_restore_plan_iam_member,1,0,0,0,1
google_gke_backup_restore_plan_iam_policy,1,0,0,0,0
google_gke_hub_feature,1,0,0,2,127
google_gke_hub_feature_iam_binding,0,0,1,0,2
google_gke_hub_feature_iam_member,1,0,0,0,1
google_gke_hub_feature_iam_policy,1,0,0,0,0
google_gke_hub_fleet,0,0,0,1,9
google_gke_hub_membership,3,0,0,2,7
google_gke_hub_membership_binding,1,0,0,2,4
google_gke_hub_membership_iam_binding,0,0,1,0,2
google_gke_hub_membership_iam_member,1,0,0,0,1
google_gke_hub_membership_iam_policy,1,0,0,0,0
google_gke_hub_membership_rbac_role_binding,0,0,0,1,2
google_gke_hub_namespace,1,0,0,2,5
google_gke_hub_scope,0,0,0,2,5
google_gke_hub_scope_iam_binding,0,0,1,0,2
google_gke_hub_scope_iam_member,1,0,0,0,1
google_gke_hub_scope_iam_policy,1,0,0,0,0
google_gke_hub_scope_rbac_role_binding,0,0,0,2,5
google_gkeonprem_bare_metal_admin_cluster,0,0,0,2,76
google_gkeonprem_bare_metal_cluster,1,0,0,2,169
google_gkeonprem_bare_metal_node_pool,1,0,0,2,15
google_gkeonprem_vmware_admin_cluster,0,0,0,2,78
google_gkeonprem_vmware_cluster,1,0,0,2,78
google_gkeonprem_vmware_node_pool,1,0,0,2,19
google_healthcare_consent_store,1,0,0,1,3
google_healthcare_consent_store_iam_binding,0,0,1,0,2
google_healthcare_consent_store_iam_member,1,0,0,0,1
google_healthcare_consent_store_iam_policy,1,0,0,0,0
google_healthcare_dataset,0,0,0,1,1
google_healthcare_dataset_iam_binding,0,0,1,0,2
google_healthcare_dataset_iam_member,1,0,0,0,1
google_healthcare_dataset_iam_policy,1,0,0,0,0
google_healthcare_dicom_store,1,0,0,1,7
google_healthcare_dicom_store_iam_binding,0,0,1,0,2
google_healthcare_dicom_store_iam_member,1,0,0,0,1
google_healthcare_dicom_store_iam_policy,1,0,0,0,0
google_healthcare_fhir_store,1,0,0,1,27
google_healthcare_fhir_store_iam_binding,0,0,1,0,2
google_healthcare_fhir_store_iam_member,1,0,0,0,1
google_healthcare_fhir_store_iam_policy,1,0,0,0,0
google_healthcare_hl7_v2_store,3,0,0,1,6
google_healthcare_hl7_v2_store_iam_binding,0,0,1,0,2
google_healthcare_hl7_v2_store_iam_member,1,0,0,0,1
google_healthcare_hl7_v2_store_iam_policy,1,0,0,0,0
google_healthcare_pipeline_job,0,0,0,1,18
google_healthcare_workspace,1,0,0,1,6
google_iam_access_boundary_policy,0,0,0,0,9
google_iam_deny_policy,0,0,0,0,18
google_iam_folders_policy_binding,0,0,0,1,4
google_iam_oauth_client,0,0,0,1,3
google_iam_oauth_client_credential,0,0,0,1,0
google_iam_organizations_policy_binding,0,0,0,1,4
google_iam_principal_access_boundary_policy,0,0,0,1,8
google_iam_projects_policy_binding,0,0,0,2,4
google_iam_workforce_pool,0,0,0,0,3
google_iam_workforce_pool_iam_binding,0,0,1,0,2
google_iam_workforce_pool_iam_member,1,0,0,0,1
google_iam_workforce_pool_iam_policy,1,0,0,0,0
google_iam_workforce_pool_provider,0,0,0,0,29
google_iam_workforce_pool_provider_key,0,0,0,0,1
google_iam_workforce_pool_provider_scim_tenant,0,0,0,0,0
google_iam_workload_identity_pool,0,0,0,1,9
google_iam_workload_identity_pool_iam_binding,0,0,1,0,2
google_iam_workload_identity_pool_iam_member,1,0,0,0,1
google_iam_workload_identity_pool_iam_policy,1,0,0,0,0
google_iam_workload_identity_pool_managed_identity,0,0,0,1,1
google_iam_workload_identity_pool_namespace,0,0,0,1,1
google_iam_workload_identity_pool_provider,2,0,0,1,15
google_iap_app_engine_service_iam_binding,0,0,1,0,2
google_iap_app_engine_service_iam_member,1,0,0,0,1
google_iap_app_engine_service_iam_policy,1,0,0,0,0
google_iap_app_engine_version_iam_binding,0,0,1,0,2
google_iap_app_engine_version_iam_member,1,0,0,0,1
google_iap_app_engine_version_iam_policy,1,0,0,0,0
google_iap_brand,0,0,0,1,0
google_iap_client,0,0,0,0,0
google_iap_settings,0,0,0,0,40
google_iap_tunnel_dest_group,0,0,0,1,2
google_iap_tunnel_dest_group_iam_binding,0,0,1,0,2
google_iap_tunnel_dest_group_iam_member,1,0,0,0,1
google_iap_tunnel_dest_group_iam_policy,1,0,0,0,0
google_iap_tunnel_iam_binding,0,0,1,0,2
google_iap_tunnel_iam_member,1,0,0,0,1
google_iap_tunnel_iam_policy,1,0,0,0,0
google_iap_tunnel_instance_iam_binding,0,0,1,0,2
google_iap_tunnel_instance_iam_member,1,0,0,0,1
google_iap_tunnel_instance_iam_policy,1,0,0,0,0
google_iap_web_backend_service_iam_binding,0,0,1,0,2
google_iap_web_backend_service_iam_member,1,0,0,0,1
google_iap_web_backend_service_iam_policy,1,0,0,0,0
google_iap_web_cloud_run_service_iam_binding,0,0,1,0,2
google_iap_web_cloud_run_service_iam_member,1,0,0,0,1
google_iap_web_cloud_run_service_iam_policy,1,0,0,0,0
google_iap_web_forwarding_rule_service_iam_binding,0,0,1,0,2
google_iap_web_forwarding_rule_service_iam_member,1,0,0,0,1
google_iap_web_forwarding_rule_service_iam_policy,1,0,0,0,0
google_iap_web_iam_binding,0,0,1,0,2
google_iap_web_iam_member,1,0,0,0,1
google_iap_web_iam_policy,1,0,0,0,0
google_iap_web_region_backend_service_iam_binding,0,0,1,0,2
google_iap_web_region_backend_service_iam_member,1,0,0,0,1
google_iap_web_region_backend_service_iam_policy,1,0,0,0,0
google_iap_web_region_forwarding_rule_service_iam_binding,0,0,1,0,2
google_iap_web_region_forwarding_rule_service_iam_member,1,0,0,0,1
google_iap_web_region_forwarding_rule_service_iam_policy,1,0,0,0,0
google_iap_web_type_app_engine_iam_binding,0,0,1,0,2
google_iap_web_type_app_engine_iam_member,1,0,0,0,1
google_iap_web_type_app_engine_iam_policy,1,0,0,0,0
google_iap_web_type_compute_iam_binding,0,0,1,0,2
google_iap_web_type_compute_iam_member,1,0,0,0,1
google_iap_web_type_compute_iam_policy,1,0,0,0,0
google_identity_platform_config,0,0,0,1,47
google_identity_platform_default_supported_idp_config,0,0,0,1,0
google_identity_platform_inbound_saml_config,0,0,0,1,6
google_identity_platform_oauth_idp_config,0,0,0,1,1
google_identity_platform_tenant,0,0,0,1,3
google_identity_platform_tenant_default_supported_idp_config,0,0,0,1,0
google_identity_platform_tenant_inbound_saml_config,0,0,0,1,6
google_identity_platform_tenant_oauth_idp_config,0,0,0,1,0
google_integration_connectors_connection,0,0,0,2,113
google_integration_connectors_endpoint_attachment,0,0,0,2,3
google_integration_connectors_managed_zone,0,0,0,2,3
google_integrations_auth_config,2,0,0,1,46
google_integrations_client,0,0,0,1,1
google_kms_autokey_config,1,0,0,0,0
google_kms_crypto_key,1,0,0,1,8
google_kms_crypto_key_iam_binding,0,0,1,0,2
google_kms_crypto_key_iam_member,1,0,0,0,1
google_kms_crypto_key_iam_policy,1,0,0,0,0
google_kms_crypto_key_version,0,0,0,0,15
google_kms_ekm_connection,1,0,0,1,6
google_kms_ekm_connection_iam_binding,0,0,1,0,2
google_kms_ekm_connection_iam_member,1,0,0,0,1
google_kms_ekm_connection_iam_policy,1,0,0,0,0
google_kms_folder_kaj_policy_config,0,0,0,0,3
google_kms_key_handle,0,0,0,1,0
google_kms_key_ring,0,0,0,1,0
google_kms_key_ring_iam_binding,0,0,1,0,2
google_kms_key_ring_iam_member,1,0,0,0,1
google_kms_key_ring_iam_policy,1,0,0,0,0
google_kms_key_ring_import_job,1,0,0,0,2
google_kms_organization_kaj_policy_config,0,0,0,0,3
google_kms_project_kaj_policy_config,0,0,0,1,3
google_kms_secret_ciphertext,0,0,0,0,0
google_logging_billing_account_bucket_config,0,0,0,0,0
google_logging_billing_account_exclusion,0,0,0,0,0
google_logging_billing_account_sink,3,0,0,0,2
google_logging_folder_bucket_config,0,0,0,0,0
google_logging_folder_exclusion,0,0,0,0,0
google_logging_folder_settings,0,0,0,0,0
google_logging_folder_sink,3,0,0,0,2
google_logging_linked_dataset,2,0,0,0,1
google_logging_log_scope,2,0,0,0,1
google_logging_log_view,3,0,0,0,0
google_logging_log_view_iam_binding,0,0,1,0,2
google_logging_log_view_iam_member,1,0,0,0,1
google_logging_log_view_iam_policy,1,0,0,0,0
google_logging_metric,0,0,0,1,14
google_logging_organization_bucket_config,0,0,0,0,0
google_logging_organization_exclusion,0,0,0,0,0
google_logging_organization_settings,0,0,0,0,0
google_logging_organization_sink,3,0,0,0,2
google_logging_project_bucket_config,1,0,0,0,2
google_logging_project_exclusion,0,0,0,0,0
google_logging_project_sink,3,0,0,1,2
google_looker_instance,0,0,0,1,22
google_lustre_instance,0,0,0,2,3
google_managed_kafka_acl,0,0,0,1,1
google_managed_kafka_cluster,10,0,0,2,17
google_managed_kafka_connect_cluster,4,0,0,2,18
google_managed_kafka_connector,0,0,0,1,2
google_managed_kafka_topic,0,0,0,1,1
google_memcache_instance,0,0,1,2,17
google_memorystore_instance,0,0,2,2,62
google_memorystore_instance_desired_user_created_endpoints,0,0,0,1,6
google_migration_center_group,0,0,0,2,3
google_migration_center_preference_set,0,0,0,1,22
google_ml_engine_model,0,0,0,2,5
google_model_armor_floorsetting,0,0,0,0,23
google_model_armor_template,0,0,0,2,24
google_monitoring_alert_policy,12,0,0,1,87
google_monitoring_custom_service,0,0,0,1,2
google_monitoring_dashboard,2,0,0,1,0
google_monitoring_group,1,0,0,1,0
google_monitoring_metric_descriptor,0,0,1,1,3
google_monitoring_monitored_project,2,0,0,0,0
google_monitoring_notification_channel,0,0,0,2,3
google_monitoring_service,0,0,0,1,5
google_monitoring_slo,0,0,18,1,72
google_monitoring_uptime_check_config,6,0,0,1,26
google_netapp_active_directory,0,0,0,2,6
google_netapp_backup,2,0,0,2,3
google_netapp_backup_policy,0,0,0,2,3
google_netapp_backup_vault,0,0,0,2,4
google_netapp_host_group,0,0,0,2,4
google_netapp_kmsconfig,0,0,0,2,3
google_netapp_storage_pool,1,0,0,2,3
google_netapp_volume,2,0,0,2,37
google_netapp_volume_quota_rule,0,0,0,2,3
google_netapp_volume_replication,0,0,0,2,11
google_netapp_volume_snapshot,0,0,0,2,3
google_network_connectivity_group,2,0,0,2,6
google_network_connectivity_hub,1,0,0,2,4
google_network_connectivity_internal_range,1,0,0,2,9
google_network_connectivity_policy_based_route,0,0,0,2,11
google_network_connectivity_regional_endpoint,0,0,0,2,3
google_network_connectivity_service_connection_policy,0,0,0,2,19
google_network_connectivity_spoke,10,0,0,2,34
google_network_management_connectivity_test,0,0,0,2,12
google_network_management_organization_vpc_flow_logs_config,0,0,0,1,4
google_network_management_vpc_flow_logs_config,0,0,0,2,4
google_network_security_address_group,0,0,0,1,5
google_network_security_address_group_iam_binding,0,0,1,0,2
google_network_security_address_group_iam_member,1,0,0,0,1
google_network_security_address_group_iam_policy,1,0,0,0,0
google_network_security_authorization_policy,0,0,0,2,26
google_network_security_authz_policy,5,0,0,2,151
google_network_security_backend_authentication_config,2,0,0,2,3
google_network_security_client_tls_policy,0,0,0,2,13
google_network_security_dns_threat_detector,0,0,0,2,4
google_network_security_firewall_endpoint,0,0,0,1,4
google_network_security_firewall_endpoint_association,0,0,0,1,3
google_network_security_gateway_security_policy,0,0,0,1,0
google_network_security_gateway_security_policy_rule,0,0,0,1,0
google_network_security_intercept_deployment,0,0,0,2,3
google_network_security_intercept_deployment_group,0,0,0,2,5
google_network_security_intercept_endpoint_group,0,0,0,2,7
google_network_security_intercept_endpoint_group_association,0,0,0,2,5
google_network_security_mirroring_deployment,0,0,0,2,3
google_network_security_mirroring_deployment_group,0,0,0,2,5
google_network_security_mirroring_endpoint,0,0,0,2,3
google_network_security_mirroring_endpoint_group,0,0,0,2,8
google_network_security_mirroring_endpoint_group_association,0,0,0,2,5
google_network_security_security_profile,0,0,0,1,18
google_network_security_security_profile_group,0,0,0,1,3
google_network_security_server_tls_policy,0,0,0,2,17
google_network_security_tls_inspection_policy,1,0,0,1,1
google_network_security_url_lists,0,0,0,1,1
google_network_services_authz_extension,2,0,0,2,5
google_network_services_edge_cache_keyset,0,0,0,2,5
google_network_services_edge_cache_origin,1,0,0,2,20
google_network_services_edge_cache_service,4,0,0,2,185
google_network_services_endpoint_policy,0,0,0,2,12
google_network_services_gateway,1,0,0,2,6
google_network_services_grpc_route,0,0,0,2,38
google_network_services_http_route,0,0,0,2,108
google_network_services_lb_route_extension,7,0,0,2,12
google_network_services_lb_traffic_extension,7,0,0,2,18
google_network_services_mesh,0,0,0,2,3
google_network_services_multicast_domain,0,0,0,2,4
google_network_services_service_binding,0,0,0,2,3
google_network_services_service_lb_policies,0,0,0,2,6
google_network_services_tcp_route,0,0,0,2,13
google_network_services_tls_route,0,0,0,1,16
google_network_services_wasm_plugin,0,0,0,2,8
google_notebooks_environment,1,0,0,1,2
google_notebooks_instance,7,1,0,2,14
google_notebooks_instance_iam_binding,0,0,1,0,2
google_notebooks_instance_iam_member,1,0,0,0,1
google_notebooks_instance_iam_policy,1,0,0,0,0
google_notebooks_runtime,4,0,0,2,57
google_notebooks_runtime_iam_binding,0,0,1,0,2
google_notebooks_runtime_iam_member,1,0,0,0,1
google_notebooks_runtime_iam_policy,1,0,0,0,0
google_observability_trace_scope,0,0,0,1,1
google_oracle_database_autonomous_database,0,0,0,2,34
google_oracle_database_cloud_exadata_infrastructure,0,0,0,2,20
google_oracle_database_cloud_vm_cluster,0,0,0,2,14
google_oracle_database_db_system,0,0,0,2,37
google_oracle_database_odb_network,0,0,0,2,3
google_oracle_database_odb_subnet,0,0,0,2,3
google_org_policy_custom_constraint,0,0,0,0,2
google_org_policy_policy,20,0,0,0,34
google_organization_access_approval_settings,0,0,2,0,2
google_organization_iam_audit_config,0,0,0,0,3
google_organization_iam_binding,0,0,1,0,2
google_organization_iam_custom_role,0,1,0,0,1
google_organization_iam_member,1,0,0,0,1
google_organization_iam_policy,1,0,0,0,0
google_organization_policy,1,0,6,0,13
google_os_config_guest_policies,0,0,0,1,124
google_os_config_os_policy_assignment,3,0,0,1,259
google_os_config_patch_deployment,0,0,0,1,120
google_os_config_v2_policy_orchestrator,0,0,0,2,411
google_os_config_v2_policy_orchestrator_for_folder,0,0,0,1,411
google_os_config_v2_policy_orchestrator_for_organization,0,0,0,1,411
google_os_login_ssh_public_key,0,0,0,0,0
google_parallelstore_instance,0,0,0,2,4
google_parameter_manager_parameter,0,0,0,2,4
google_parameter_manager_parameter_version,1,0,0,0,0
google_parameter_manager_regional_parameter,0,0,0,2,4
google_parameter_manager_regional_parameter_version,1,0,0,0,0
google_privateca_ca_pool,1,0,0,2,103
google_privateca_ca_pool_iam_binding,0,0,1,0,2
google_privateca_ca_pool_iam_member,1,0,0,0,1
google_privateca_ca_pool_iam_policy,1,0,0,0,0
google_privateca_certificate,1,0,0,2,250
google_privateca_certificate_authority,2,0,0,3,128
google_privateca_certificate_template,6,60,0,2,74
google_privateca_certificate_template_iam_binding,0,0,1,0,2
google_privateca_certificate_template_iam_member,1,0,0,0,1
google_privateca_certificate_template_iam_policy,1,0,0,0,0
google_privileged_access_manager_entitlement,0,0,15,0,38
google_privileged_access_manager_settings,0,0,0,0,15
google_project,1,0,0,1,4
google_project_access_approval_settings,0,0,2,0,2
google_project_default_service_accounts,0,0,0,0,0
google_project_iam_audit_config,0,0,0,0,3
google_project_iam_binding,0,0,1,0,2
google_project_iam_custom_role,0,1,0,1,1
google_project_iam_member,1,0,0,0,1
google_project_iam_member_remove,0,0,0,0,0
google_project_iam_policy,1,0,0,0,0
google_project_organization_policy,1,0,6,0,13
google_project_service,1,0,0,1,0
google_project_service_identity,0,0,0,1,0
google_project_usage_export_bucket,0,0,0,1,0
google_public_ca_external_account_key,0,0,0,1,0
google_pubsub_lite_reservation,1,0,0,1,0
google_pubsub_lite_subscription,2,0,0,1,1
google_pubsub_lite_topic,3,0,0,1,5
google_pubsub_schema,1,0,0,1,0
google_pubsub_schema_iam_binding,0,0,1,0,2
google_pubsub_schema_iam_member,1,0,0,0,1
google_pubsub_schema_iam_policy,1,0,0,0,0
google_pubsub_subscription,9,0,0,2,21
google_pubsub_subscription_iam_binding,0,0,1,0,2
google_pubsub_subscription_iam_member,1,0,0,0,1
google_pubsub_subscription_iam_policy,1,0,0,0,0
google_pubsub_topic,1,0,2,2,33
google_pubsub_topic_iam_binding,0,0,1,0,2
google_pubsub_topic_iam_member,1,0,0,0,1
google_pubsub_topic_iam_policy,1,0,0,0,0
google_redis_cluster,0,0,2,2,53
google_redis_cluster_user_created_connections,0,0,0,1,6
google_redis_instance,2,0,0,3,14
google_resource_manager_capability,0,0,0,0,0
google_resource_manager_lien,0,0,0,0,1
google_runtimeconfig_config,0,0,0,1,0
google_runtimeconfig_config_iam_binding,0,0,1,0,2
google_runtimeconfig_config_iam_member,1,0,0,0,1
google_runtimeconfig_config_iam_policy,1,0,0,0,0
google_runtimeconfig_variable,0,0,0,1,0
google_saas_runtime_release,0,0,0,3,12
google_saas_runtime_rollout_kind,0,0,0,3,6
google_saas_runtime_saas,0,0,0,3,6
google_saas_runtime_tenant,0,0,0,3,5
google_saas_runtime_unit,0,0,0,3,14
google_saas_runtime_unit_kind,0,0,0,3,16
google_scc_event_threat_detection_custom_module,1,0,0,0,0
google_scc_folder_custom_module,0,0,0,0,17
google_scc_folder_notification_config,0,0,0,0,1
google_scc_folder_scc_big_query_export,0,0,0,0,0
google_scc_management_folder_security_health_analytics_custom_module,0,0,0,0,17
google_scc_management_organization_event_threat_detection_custom_module,1,0,0,0,0
google_scc_management_organization_security_health_analytics_custom_module,0,0,0,0,17
google_scc_management_project_security_health_analytics_custom_module,0,0,0,1,17
google_scc_mute_config,0,0,0,0,0
google_scc_notification_config,0,0,0,0,1
google_scc_organization_custom_module,0,0,0,0,17
google_scc_organization_scc_big_query_export,0,0,0,0,0
google_scc_project_custom_module,0,0,0,1,17
google_scc_project_notification_config,0,0,0,1,1
google_scc_project_scc_big_query_export,0,0,0,1,0
google_scc_source,0,0,0,0,0
google_scc_source_iam_binding,0,0,1,0,2
google_scc_source_iam_member,1,0,0,0,1
google_scc_source_iam_policy,1,0,0,0,0
google_scc_v2_folder_mute_config,0,0,0,0,0
google_scc_v2_folder_notification_config,0,0,0,0,1
google_scc_v2_folder_scc_big_query_export,0,0,0,0,0
google_scc_v2_organization_mute_config,0,0,0,0,0
google_scc_v2_organization_notification_config,0,0,0,0,1
google_scc_v2_organization_scc_big_query_export,0,0,0,0,0
google_scc_v2_organization_scc_big_query_exports,0,0,0,0,0
google_scc_v2_organization_source,0,0,0,0,0
google_scc_v2_organization_source_iam_binding,0,0,1,0,2
google_scc_v2_organization_source_iam_member,1,0,0,0,1
google_scc_v2_organization_source_iam_policy,1,0,0,0,0
google_scc_v2_project_mute_config,0,0,0,1,0
google_scc_v2_project_notification_config,0,0,0,1,1
google_scc_v2_project_scc_big_query_export,0,0,0,1,0
google_secret_manager_regional_secret,0,0,0,3,10
google_secret_manager_regional_secret_iam_binding,0,0,1,0,2
google_secret_manager_regional_secret_iam_member,1,0,0,0,1
google_secret_manager_regional_secret_iam_policy,1,0,0,0,0
google_secret_manager_regional_secret_version,1,0,0,0,1
google_secret_manager_secret,0,0,0,4,24
google_secret_manager_secret_iam_binding,0,0,1,0,2
google_secret_manager_secret_iam_member,1,0,0,0,1
google_secret_manager_secret_iam_policy,1,0,0,0,0
google_secret_manager_secret_version,1,0,0,0,0
google_secure_source_manager_branch_rule,0,0,0,1,0
google_secure_source_manager_hook,0,0,0,1,2
google_secure_source_manager_instance,0,0,0,2,6
google_secure_source_manager_instance_iam_binding,0,0,1,0,2
google_secure_source_manager_instance_iam_member,1,0,0,0,1
google_secure_source_manager_instance_iam_policy,1,0,0,0,0
google_secure_source_manager_repository,1,0,0,1,4
google_secure_source_manager_repository_iam_binding,0,0,1,0,2
google_secure_source_manager_repository_iam_member,1,0,0,0,1
google_secure_source_manager_repository_iam_policy,1,0,0,0,0
google_security_scanner_scan_config,0,0,0,1,9
google_securityposture_posture,0,0,0,1,149
google_securityposture_posture_deployment,0,0,0,0,0
google_service_account,0,0,0,2,0
google_service_account_iam_binding,0,0,1,0,2
google_service_account_iam_member,1,0,0,0,1
google_service_account_iam_policy,1,0,0,0,0
google_service_account_key,0,0,0,0,0
google_service_directory_endpoint,0,0,0,0,1
google_service_directory_namespace,0,0,0,2,3
google_service_directory_namespace_iam_binding,0,0,1,0,2
google_service_directory_namespace_iam_member,1,0,0,0,1
google_service_directory_namespace_iam_policy,1,0,0,0,0
google_service_directory_service,0,0,0,0,1
google_service_directory_service_iam_binding,0,0,1,0,2
google_service_directory_service_iam_member,1,0,0,0,1
google_service_directory_service_iam_policy,1,0,0,0,0
google_service_networking_connection,1,0,0,0,1
google_service_networking_peered_dns_domain,0,0,0,1,0
google_service_networking_vpc_service_controls,0,0,0,0,0
google_service_usage_consumer_quota_override,0,0,0,1,1
google_site_verification_owner,1,0,0,0,0
google_site_verification_web_resource,0,0,0,0,2
google_sourcerepo_repository,0,0,1,1,1
google_sourcerepo_repository_iam_binding,0,0,1,0,2
google_sourcerepo_repository_iam_member,1,0,0,0,1
google_sourcerepo_repository_iam_policy,1,0,0,0,0
google_spanner_backup_schedule,2,0,0,1,8
google_spanner_database,1,0,0,2,4
google_spanner_database_iam_binding,0,0,1,0,2
google_spanner_database_iam_member,1,0,0,0,1
google_spanner_database_iam_policy,1,0,0,0,0
google_spanner_instance,1,0,0,2,20
google_spanner_instance_config,0,0,1,2,4
google_spanner_instance_iam_binding,0,0,1,0,2
google_spanner_instance_iam_member,1,0,0,0,1
google_spanner_instance_iam_policy,1,0,0,0,0
google_spanner_instance_partition,2,0,0,1,0
google_sql_database,1,0,0,1,0
google_sql_database_instance,15,0,15,8,71
google_sql_source_representation_instance,0,0,0,1,0
google_sql_ssl_cert,0,0,0,1,0
google_sql_user,1,1,0,1,6
google_storage_anywhere_cache,1,0,0,0,0
google_storage_batch_operations_job,0,0,0,1,19
google_storage_bucket,8,0,4,2,46
google_storage_bucket_access_control,1,0,0,0,0
google_storage_bucket_acl,0,0,0,1,1
google_storage_bucket_iam_binding,0,0,1,0,2
google_storage_bucket_iam_member,1,0,0,0,1
google_storage_bucket_iam_policy,1,0,0,0,0
google_storage_bucket_object,2,0,0,1,3
google_storage_control_folder_intelligence_config,9,0,0,0,23
google_storage_control_organization_intelligence_config,9,0,0,0,23
google_storage_control_project_intelligence_config,9,0,0,0,23
google_storage_default_object_access_control,1,0,0,0,1
google_storage_default_object_acl,0,0,0,0,1
google_storage_folder,0,0,0,0,0
google_storage_hmac_key,0,0,0,1,0
google_storage_insights_dataset_config,0,0,0,1,20
google_storage_insights_report_config,0,0,0,1,14
google_storage_managed_folder,1,0,0,0,0
google_storage_managed_folder_iam_binding,0,0,1,0,2
google_storage_managed_folder_iam_member,1,0,0,0,1
google_storage_managed_folder_iam_policy,1,0,0,0,0
google_storage_object_access_control,1,0,0,0,1
google_storage_object_acl,0,0,0,1,1
google_storage_transfer_agent_pool,0,0,0,1,1
google_storage_transfer_job,3,0,0,1,80
google_tags_location_tag_binding,1,0,0,0,0
google_tags_tag_binding,0,0,0,0,0
google_tags_tag_key,1,0,0,0,1
google_tags_tag_key_iam_binding,0,0,1,0,2
google_tags_tag_key_iam_member,1,0,0,0,1
google_tags_tag_key_iam_policy,1,0,0,0,0
google_tags_tag_value,0,0,0,0,0
google_tags_tag_value_iam_binding,0,0,1,0,2
google_tags_tag_value_iam_member,1,0,0,0,1
google_tags_tag_value_iam_policy,1,0,0,0,0
google_tpu_v2_queued_resource,3,0,0,1,10
google_tpu_v2_vm,2,0,0,3,18
google_transcoder_job,0,0,0,2,106
google_transcoder_job_template,0,0,0,2,106
google_vertex_ai_cache_config,0,0,0,1,0
google_vertex_ai_dataset,0,0,0,2,4
google_vertex_ai_deployment_resource_pool,0,0,0,1,5
google_vertex_ai_endpoint,1,0,0,2,25
google_vertex_ai_endpoint_iam_binding,0,0,1,0,2
google_vertex_ai_endpoint_iam_member,1,0,0,0,1
google_vertex_ai_endpoint_iam_policy,1,0,0,0,0
google_vertex_ai_endpoint_with_model_garden_deployment,0,0,0,1,134
google_vertex_ai_feature_group,0,0,0,2,8
google_vertex_ai_feature_group_feature,0,0,0,2,3
google_vertex_ai_feature_group_iam_binding,0,0,1,0,2
google_vertex_ai_feature_group_iam_member,1,0,0,0,1
google_vertex_ai_feature_group_iam_policy,1,0,0,0,0
google_vertex_ai_feature_online_store,0,0,0,2,14
google_vertex_ai_feature_online_store_featureview,0,0,0,2,20
google_vertex_ai_feature_online_store_featureview_iam_binding,0,0,1,0,2
google_vertex_ai_feature_online_store_featureview_iam_member,1,0,0,0,1
google_vertex_ai_feature_online_store_featureview_iam_policy,1,0,0,0,0
google_vertex_ai_feature_online_store_iam_binding,0,0,1,0,2
google_vertex_ai_feature_online_store_iam_member,1,0,0,0,1
google_vertex_ai_feature_online_store_iam_policy,1,0,0,0,0
google_vertex_ai_featurestore,0,0,0,2,7
google_vertex_ai_featurestore_entitytype,0,0,0,1,12
google_vertex_ai_featurestore_entitytype_feature,0,0,0,1,3
google_vertex_ai_featurestore_entitytype_iam_binding,0,0,1,0,2
google_vertex_ai_featurestore_entitytype_iam_member,1,0,0,0,1
google_vertex_ai_featurestore_entitytype_iam_policy,1,0,0,0,0
google_vertex_ai_featurestore_iam_binding,0,0,1,0,2
google_vertex_ai_featurestore_iam_member,1,0,0,0,1
google_vertex_ai_featurestore_iam_policy,1,0,0,0,0
google_vertex_ai_index,0,0,0,2,20
google_vertex_ai_index_endpoint,0,0,0,2,7
google_vertex_ai_index_endpoint_deployed_index,2,0,0,0,17
google_vertex_ai_metadata_store,0,0,0,1,2
google_vertex_ai_rag_engine_config,0,0,0,1,7
google_vertex_ai_reasoning_engine,2,0,0,1,16
google_vertex_ai_tensorboard,0,0,0,2,4
google_vmwareengine_cluster,0,0,0,0,13
google_vmwareengine_external_access_rule,0,0,0,0,4
google_vmwareengine_external_address,0,0,0,0,0
google_vmwareengine_network,0,0,0,1,1
google_vmwareengine_network_peering,0,0,0,1,0
google_vmwareengine_network_policy,0,0,0,1,2
google_vmwareengine_private_cloud,1,0,0,1,26
google_vmwareengine_subnet,0,0,0,0,1
google_vpc_access_connector,1,0,0,3,2
google_workbench_instance,20,0,0,3,40
google_workbench_instance_iam_binding,0,0,1,0,2
google_workbench_instance_iam_member,1,0,0,0,1
google_workbench_instance_iam_policy,1,0,0,0,0
google_workflows_workflow,1,0,0,2,5
google_workstations_workstation,0,0,0,3,6
google_workstations_workstation_cluster,0,0,0,3,13
google_workstations_workstation_config,0,0,0,3,53
google_workstations_workstation_config_iam_binding,0,0,1,0,2
google_workstations_workstation_config_iam_member,1,0,0,0,1
google_workstations_workstation_config_iam_policy,1,0,0,0,0
google_workstations_workstation_iam_binding,0,0,1,0,2
google_workstations_workstation_iam_member,1,0,0,0,1
google_workstations_workstation_iam_policy,1,0,0,0,0
