resource,attribute_path,detector_kind,detector_name,family,attr_class,base_weight,class_multiplier,weight,provenance,product,is_iam,file_path:line,notes
google_compute_packet_mirroring,CustomizeDiff,CustomizeDiff,tpgresource.DefaultProviderProject,CustomizeDiff,Optional,1.5,1.5,2.25,Generated,compute,false,google-beta/services/compute/resource_compute_packet_mirroring.go:106,Resource-level diff hook; attr_class defaulted to Optional for plan-wide behavior
google_compute_packet_mirroring,collector_ilb,NestedBlock,TypeList,NestedBlock,Required,4.0,1.0,4.0,Generated,compute,false,google-beta/services/compute/resource_compute_packet_mirroring.go:112,
google_compute_packet_mirroring,collector_ilb.url,DiffSuppressFunc,tpgresource.CompareSelfLinkOrResourceName,Representation,Required,1.0,1.2,1.2,Generated,compute,false,google-beta/services/compute/resource_compute_packet_mirroring.go:124,
google_compute_packet_mirroring,mirrored_resources,NestedBlock,TypeList,NestedBlock,Required,4.0,1.0,4.0,Generated,compute,false,google-beta/services/compute/resource_compute_packet_mirroring.go:130,
google_compute_packet_mirroring,mirrored_resources.instances,NestedBlock,TypeSet,NestedBlock,Optional,4.0,0.9,3.6,Generated,compute,false,google-beta/services/compute/resource_compute_packet_mirroring.go:137,
google_compute_packet_mirroring,mirrored_resources.instances,SetHash,tpgresource.NestedUrlSetHashFunc,Ordering,Optional,1.0,1.0,1.0,Generated,compute,false,google-beta/services/compute/resource_compute_packet_mirroring.go:142,
google_compute_packet_mirroring,mirrored_resources.instances.url,DiffSuppressFunc,tpgresource.CompareSelfLinkRelativePaths,Representation,Required,1.0,1.2,1.2,Generated,compute,false,google-beta/services/compute/resource_compute_packet_mirroring.go:276,
google_compute_packet_mirroring,mirrored_resources.subnetworks,NestedBlock,TypeSet,NestedBlock,Optional,4.0,0.9,3.6,Generated,compute,false,google-beta/services/compute/resource_compute_packet_mirroring.go:145,
google_compute_packet_mirroring,mirrored_resources.subnetworks,SetHash,tpgresource.NestedUrlSetHashFunc,Ordering,Optional,1.0,1.0,1.0,Generated,compute,false,google-beta/services/compute/resource_compute_packet_mirroring.go:150,
google_compute_packet_mirroring,mirrored_resources.subnetworks.url,DiffSuppressFunc,tpgresource.CompareSelfLinkRelativePaths,Representation,Required,1.0,1.2,1.2,Generated,compute,false,google-beta/services/compute/resource_compute_packet_mirroring.go:263,
google_compute_packet_mirroring,network,NestedBlock,TypeList,NestedBlock,Required,4.0,1.0,4.0,Generated,compute,false,google-beta/services/compute/resource_compute_packet_mirroring.go:171,
google_compute_packet_mirroring,network.url,DiffSuppressFunc,tpgresource.CompareSelfLinkOrResourceName,Representation,Required,1.0,1.2,1.2,Generated,compute,false,google-beta/services/compute/resource_compute_packet_mirroring.go:185,
google_compute_packet_mirroring,filter,NestedBlock,TypeList,NestedBlock,Optional,4.0,0.9,3.6,Generated,compute,false,google-beta/services/compute/resource_compute_packet_mirroring.go:197,
google_dns_response_policy,CustomizeDiff,CustomizeDiff,tpgresource.DefaultProviderProject,CustomizeDiff,Optional,1.5,1.5,2.25,Generated,dns,false,google-beta/services/dns/resource_dns_response_policy.go:106,Resource-level diff hook
google_dns_response_policy,gke_clusters,NestedBlock,TypeList,NestedBlock,Optional,4.0,0.9,3.6,Generated,dns,false,google-beta/services/dns/resource_dns_response_policy.go:118,
google_dns_response_policy,networks,NestedBlock,TypeList,NestedBlock,Optional,4.0,0.9,3.6,Generated,dns,false,google-beta/services/dns/resource_dns_response_policy.go:132,
google_dns_response_policy,networks.network_url,DiffSuppressFunc,tpgresource.CompareSelfLinkOrResourceName,Representation,Required,1.0,1.2,1.2,Generated,dns,false,google-beta/services/dns/resource_dns_response_policy.go:148,
google_cloud_scheduler_job,CustomizeDiff,CustomizeDiff,validateAuthHeaders,CustomizeDiff,Optional,1.5,1.5,2.25,Generated,cloudscheduler,false,google-beta/services/cloudscheduler/resource_cloud_scheduler_job.go:188,Auth header validator in diff
google_cloud_scheduler_job,CustomizeDiff,CustomizeDiff,tpgresource.DefaultProviderProject,CustomizeDiff,Optional,1.5,1.5,2.25,Generated,cloudscheduler,false,google-beta/services/cloudscheduler/resource_cloud_scheduler_job.go:189,
google_cloud_scheduler_job,CustomizeDiff,CustomizeDiff,tpgresource.DefaultProviderRegion,CustomizeDiff,Optional,1.5,1.5,2.25,Generated,cloudscheduler,false,google-beta/services/cloudscheduler/resource_cloud_scheduler_job.go:190,
google_cloud_scheduler_job,app_engine_http_target,NestedBlock,TypeList,NestedBlock,Optional,4.0,0.9,3.6,Generated,cloudscheduler,false,google-beta/services/cloudscheduler/resource_cloud_scheduler_job.go:201,
google_cloud_scheduler_job,app_engine_http_target.app_engine_routing,NestedBlock,TypeList,NestedBlock,Optional,4.0,0.9,3.6,Generated,cloudscheduler,false,google-beta/services/cloudscheduler/resource_cloud_scheduler_job.go:220,
google_cloud_scheduler_job,http_target,NestedBlock,TypeList,NestedBlock,Optional,4.0,0.9,3.6,Generated,cloudscheduler,false,google-beta/services/cloudscheduler/resource_cloud_scheduler_job.go:299,
google_cloud_scheduler_job,http_target.uri,DiffSuppressFunc,LastSlashDiffSuppress,Representation,Required,1.0,1.2,1.2,Generated,cloudscheduler,false,google-beta/services/cloudscheduler/resource_cloud_scheduler_job.go:310,
google_cloud_scheduler_job,http_target.oauth_token,NestedBlock,TypeList,NestedBlock,Optional,4.0,0.9,3.6,Generated,cloudscheduler,false,google-beta/services/cloudscheduler/resource_cloud_scheduler_job.go:336,
google_cloud_scheduler_job,http_target.oauth_token,DiffSuppressFunc,authHeaderDiffSuppress,Representation,Optional,1.0,1.0,1.0,Generated,cloudscheduler,false,google-beta/services/cloudscheduler/resource_cloud_scheduler_job.go:339,
google_cloud_scheduler_job,http_target.oidc_token,NestedBlock,TypeList,NestedBlock,Optional,4.0,0.9,3.6,Generated,cloudscheduler,false,google-beta/services/cloudscheduler/resource_cloud_scheduler_job.go:360,
google_cloud_scheduler_job,http_target.oidc_token,DiffSuppressFunc,authHeaderDiffSuppress,Representation,Optional,1.0,1.0,1.0,Generated,cloudscheduler,false,google-beta/services/cloudscheduler/resource_cloud_scheduler_job.go:363,
google_cloud_scheduler_job,pubsub_target,NestedBlock,TypeList,NestedBlock,Optional,4.0,0.9,3.6,Generated,cloudscheduler,false,google-beta/services/cloudscheduler/resource_cloud_scheduler_job.go:395,
google_cloud_scheduler_job,retry_config,NestedBlock,TypeList,NestedBlock,Optional,4.0,0.9,3.6,Generated,cloudscheduler,false,google-beta/services/cloudscheduler/resource_cloud_scheduler_job.go:439,
google_cloud_scheduler_job,attempt_deadline,DiffSuppressFunc,"tpgresource.EmptyOrDefaultStringSuppress(""180s"")",NullEmpty,Optional,1.0,1.0,1.0,Generated,cloudscheduler,false,google-beta/services/cloudscheduler/resource_cloud_scheduler_job.go:281,
google_iam_workload_identity_pool_provider,CustomizeDiff,CustomizeDiff,tpgresource.DefaultProviderProject,CustomizeDiff,Optional,1.5,1.5,2.25,Generated,iambeta,false,google-beta/services/iambeta/resource_iam_workload_identity_pool_provider.go:134,
google_iam_workload_identity_pool_provider,aws,NestedBlock,TypeList,NestedBlock,Optional,4.0,0.9,3.6,Generated,iambeta,false,google-beta/services/iambeta/resource_iam_workload_identity_pool_provider.go:244,
google_iam_workload_identity_pool_provider,oidc,NestedBlock,TypeList,NestedBlock,Optional,4.0,0.9,3.6,Generated,iambeta,false,google-beta/services/iambeta/resource_iam_workload_identity_pool_provider.go:277,
google_iam_workload_identity_pool_provider,oidc.jwks_json,StateFunc,structure.NormalizeJsonString,Representation,Optional,1.0,1.0,1.0,Generated,iambeta,false,google-beta/services/iambeta/resource_iam_workload_identity_pool_provider.go:308,
google_iam_workload_identity_pool_provider,saml,NestedBlock,TypeList,NestedBlock,Optional,4.0,0.9,3.6,Generated,iambeta,false,google-beta/services/iambeta/resource_iam_workload_identity_pool_provider.go:340,
google_iam_workload_identity_pool_provider,x509,NestedBlock,TypeList,NestedBlock,Optional,4.0,0.9,3.6,Generated,iambeta,false,google-beta/services/iambeta/resource_iam_workload_identity_pool_provider.go:355,
google_iam_workload_identity_pool_provider,x509.trust_store,NestedBlock,TypeList,NestedBlock,Required,4.0,1.0,4.0,Generated,iambeta,false,google-beta/services/iambeta/resource_iam_workload_identity_pool_provider.go:363,
google_iam_workload_identity_pool_provider,x509.trust_store.trust_anchors,NestedBlock,TypeList,NestedBlock,Required,4.0,1.0,4.0,Generated,iambeta,false,google-beta/services/iambeta/resource_iam_workload_identity_pool_provider.go:374,
google_iam_workload_identity_pool_provider,x509.trust_store.intermediate_cas,NestedBlock,TypeList,NestedBlock,Optional,4.0,0.9,3.6,Generated,iambeta,false,google-beta/services/iambeta/resource_iam_workload_identity_pool_provider.go:392,
google_compute_target_pool,CustomizeDiff,CustomizeDiff,tpgresource.DefaultProviderProject,CustomizeDiff,Optional,1.5,1.5,2.25,Handwritten,compute,false,google-beta/services/compute/resource_compute_target_pool.go:54,
google_compute_target_pool,CustomizeDiff,CustomizeDiff,tpgresource.DefaultProviderRegion,CustomizeDiff,Optional,1.5,1.5,2.25,Handwritten,compute,false,google-beta/services/compute/resource_compute_target_pool.go:55,
google_compute_target_pool,health_checks,DiffSuppressFunc,tpgresource.CompareSelfLinkOrResourceName,Representation,Optional,1.0,1.0,1.0,Handwritten,compute,false,google-beta/services/compute/resource_compute_target_pool.go:95,
google_compute_target_pool,instances,StateFunc,canonicalizeInstanceRef,Representation,Optional+Computed,1.0,1.1,1.1,Handwritten,compute,false,google-beta/services/compute/resource_compute_target_pool.go:107,
google_compute_target_pool,instances,SetHash,schema.HashString(canonicalizeInstanceRef),Ordering,Optional+Computed,1.0,1.2,1.2,Handwritten,compute,false,google-beta/services/compute/resource_compute_target_pool.go:111,
google_dns_record_set,CustomizeDiff,CustomizeDiff,tpgresource.DefaultProviderProject,CustomizeDiff,Optional,1.5,1.5,2.25,Handwritten,dns,false,google-beta/services/dns/resource_dns_record_set.go:113,
google_dns_record_set,managed_zone,DiffSuppressFunc,tpgresource.CompareSelfLinkOrResourceName,Representation,Required,1.0,1.2,1.2,Handwritten,dns,false,google-beta/services/dns/resource_dns_record_set.go:122,
google_dns_record_set,rrdatas,DiffSuppressFunc,rrdatasDnsDiffSuppress,Representation,Optional,1.0,1.0,1.0,Handwritten,dns,false,google-beta/services/dns/resource_dns_record_set.go:140,
google_dns_record_set,routing_policy,NestedBlock,TypeList,NestedBlock,Optional,4.0,0.9,3.6,Handwritten,dns,false,google-beta/services/dns/resource_dns_record_set.go:145,
google_dns_record_set,routing_policy.wrr,NestedBlock,TypeList,NestedBlock,Optional,4.0,0.9,3.6,Handwritten,dns,false,google-beta/services/dns/resource_dns_record_set.go:152,
google_dns_record_set,routing_policy.wrr.health_checked_targets,NestedBlock,TypeList,NestedBlock,Optional,4.0,0.9,3.6,Handwritten,dns,false,google-beta/services/dns/resource_dns_record_set.go:170,
google_dns_record_set,routing_policy.geo,NestedBlock,TypeList,NestedBlock,Optional,4.0,0.9,3.6,Handwritten,dns,false,google-beta/services/dns/resource_dns_record_set.go:182,
google_dns_record_set,routing_policy.geo.health_checked_targets,NestedBlock,TypeList,NestedBlock,Optional,4.0,0.9,3.6,Handwritten,dns,false,google-beta/services/dns/resource_dns_record_set.go:279,
google_dns_record_set,routing_policy.primary_backup,NestedBlock,TypeList,NestedBlock,Optional,4.0,0.9,3.6,Handwritten,dns,false,google-beta/services/dns/resource_dns_record_set.go:195,
google_dns_record_set,routing_policy.primary_backup.primary,NestedBlock,TypeList,NestedBlock,Required,4.0,1.0,4.0,Handwritten,dns,false,google-beta/services/dns/resource_dns_record_set.go:202,
google_dns_record_set,routing_policy.primary_backup.primary.health_checked_targets,NestedBlock,TypeList,NestedBlock,Optional,4.0,0.9,3.6,Handwritten,dns,false,google-beta/services/dns/resource_dns_record_set.go:284,
google_dns_record_set,routing_policy.primary_backup.backup_geo,NestedBlock,TypeList,NestedBlock,Required,4.0,1.0,4.0,Handwritten,dns,false,google-beta/services/dns/resource_dns_record_set.go:209,
google_dns_record_set,routing_policy.primary_backup.backup_geo.health_checked_targets,NestedBlock,TypeList,NestedBlock,Optional,4.0,0.9,3.6,Handwritten,dns,false,google-beta/services/dns/resource_dns_record_set.go:279,backup geo reuses geoPolicySchema
google_dns_record_set,health_checked_targets,NestedBlock,TypeList,NestedBlock,Optional,4.0,0.9,3.6,Handwritten,dns,false,google-beta/services/dns/resource_dns_record_set.go:280,
google_dns_record_set,health_checked_targets.internal_load_balancers,NestedBlock,TypeList,NestedBlock,Optional,4.0,0.9,3.6,Handwritten,dns,false,google-beta/services/dns/resource_dns_record_set.go:291,
google_dns_record_set,health_checked_targets.internal_load_balancers.load_balancer_type,DiffSuppressFunc,lbTypeNoneDiffSuppress,Representation,Optional,1.0,1.0,1.0,Handwritten,dns,false,google-beta/services/dns/resource_dns_record_set.go:300,
google_dns_record_set,health_checked_targets.internal_load_balancers.network_url,DiffSuppressFunc,tpgresource.CompareSelfLinkOrResourceName,Representation,Required,1.0,1.2,1.2,Handwritten,dns,false,google-beta/services/dns/resource_dns_record_set.go:323,
google_bigtable_gc_policy,CustomizeDiff,CustomizeDiff,resourceBigtableGCPolicyCustomizeDiff,CustomizeDiff,Optional,1.5,1.5,2.25,Handwritten,bigtable,false,google-beta/services/bigtable/resource_bigtable_gc_policy.go:117,
google_bigtable_gc_policy,instance_name,DiffSuppressFunc,tpgresource.CompareResourceNames,Representation,Required,1.0,1.2,1.2,Handwritten,bigtable,false,google-beta/services/bigtable/resource_bigtable_gc_policy.go:129,
google_bigtable_gc_policy,gc_rules,DiffSuppressFunc,gcRulesDiffSuppress,Representation,Optional,1.0,1.0,1.0,Handwritten,bigtable,false,google-beta/services/bigtable/resource_bigtable_gc_policy.go:157,
google_bigtable_gc_policy,gc_rules,StateFunc,structure.NormalizeJsonString,Representation,Optional,1.0,1.0,1.0,Handwritten,bigtable,false,google-beta/services/bigtable/resource_bigtable_gc_policy.go:153,
google_bigtable_gc_policy,max_age,NestedBlock,TypeList,NestedBlock,Optional,4.0,0.9,3.6,Handwritten,bigtable,false,google-beta/services/bigtable/resource_bigtable_gc_policy.go:170,
google_bigtable_gc_policy,max_version,NestedBlock,TypeList,NestedBlock,Optional,4.0,0.9,3.6,Handwritten,bigtable,false,google-beta/services/bigtable/resource_bigtable_gc_policy.go:200,
google_cloudfunctions_function,CustomizeDiff,CustomizeDiff,tpgresource.DefaultProviderProject,CustomizeDiff,Optional,1.5,1.5,2.25,Handwritten,cloudfunctions,false,google-beta/services/cloudfunctions/resource_cloudfunctions_function.go:161,
google_cloudfunctions_function,CustomizeDiff,CustomizeDiff,tpgresource.DefaultProviderRegion,CustomizeDiff,Optional,1.5,1.5,2.25,Handwritten,cloudfunctions,false,google-beta/services/cloudfunctions/resource_cloudfunctions_function.go:162,
google_cloudfunctions_function,CustomizeDiff,CustomizeDiff,tpgresource.SetLabelsDiff,CustomizeDiff,Optional,1.5,1.5,2.25,Handwritten,cloudfunctions,false,google-beta/services/cloudfunctions/resource_cloudfunctions_function.go:163,
google_cloudfunctions_function,vpc_connector,DiffSuppressFunc,tpgresource.CompareSelfLinkOrResourceName,Representation,Optional,1.0,1.0,1.0,Handwritten,cloudfunctions,false,google-beta/services/cloudfunctions/resource_cloudfunctions_function.go:327,
google_cloudfunctions_function,event_trigger.resource,DiffSuppressFunc,compareSelfLinkOrResourceNameWithMultipleParts,Representation,Required,1.0,1.2,1.2,Handwritten,cloudfunctions,false,google-beta/services/cloudfunctions/resource_cloudfunctions_function.go:368,
google_cloudfunctions_function,source_repository,NestedBlock,TypeList,NestedBlock,Optional,4.0,0.9,3.6,Handwritten,cloudfunctions,false,google-beta/services/cloudfunctions/resource_cloudfunctions_function.go:194,
google_cloudfunctions_function,event_trigger,NestedBlock,TypeList,NestedBlock,Optional+Computed,4.0,1.0,4.0,Handwritten,cloudfunctions,false,google-beta/services/cloudfunctions/resource_cloudfunctions_function.go:350,
google_cloudfunctions_function,event_trigger.failure_policy,NestedBlock,TypeList,NestedBlock,Optional+Computed,4.0,1.0,4.0,Handwritten,cloudfunctions,false,google-beta/services/cloudfunctions/resource_cloudfunctions_function.go:371,
google_cloudfunctions_function,secret_environment_variables,NestedBlock,TypeList,NestedBlock,Optional,4.0,0.9,3.6,Handwritten,cloudfunctions,false,google-beta/services/cloudfunctions/resource_cloudfunctions_function.go:436,
google_cloudfunctions_function,secret_volumes,NestedBlock,TypeList,NestedBlock,Optional,4.0,0.9,3.6,Handwritten,cloudfunctions,false,google-beta/services/cloudfunctions/resource_cloudfunctions_function.go:467,
google_cloudfunctions_function,secret_volumes.versions,NestedBlock,TypeList,NestedBlock,Optional,4.0,0.9,3.6,Handwritten,cloudfunctions,false,google-beta/services/cloudfunctions/resource_cloudfunctions_function.go:489,
google_cloudfunctions_function,automatic_update_policy,NestedBlock,TypeList,NestedBlock,Optional+Computed,4.0,1.0,4.0,Handwritten,cloudfunctions,false,google-beta/services/cloudfunctions/resource_cloudfunctions_function.go:512,
google_cloudfunctions_function,on_deploy_update_policy,NestedBlock,TypeList,NestedBlock,Optional,4.0,0.9,3.6,Handwritten,cloudfunctions,false,google-beta/services/cloudfunctions/resource_cloudfunctions_function.go:524,
google_bigtable_instance_iam_binding,members,DiffSuppressFunc,tpgresource.CaseDiffSuppress,Representation,Required,1.0,1.2,1.2,HandwrittenIAM,bigtable,true,google-beta/tpgiamresource/resource_iam_binding.go:45,
google_bigtable_instance_iam_binding,members,SetHash,schema.HashString(strings.ToLower),Ordering,Required,1.0,1.1,1.1,HandwrittenIAM,bigtable,true,google-beta/tpgiamresource/resource_iam_binding.go:49,
google_bigtable_instance_iam_binding,condition,NestedBlock,TypeList,NestedBlock,Optional,4.0,0.9,3.6,HandwrittenIAM,bigtable,true,google-beta/tpgiamresource/resource_iam_binding.go:52,
google_bigquery_dataset_iam_member,member,DiffSuppressFunc,iamMemberCaseDiffSuppress,Representation,Required,1.0,1.2,1.2,HandwrittenIAM,bigquery,true,google-beta/tpgiamresource/resource_iam_member.go:70,
google_bigquery_dataset_iam_member,condition,NestedBlock,TypeList,NestedBlock,Optional,4.0,0.9,3.6,HandwrittenIAM,bigquery,true,google-beta/tpgiamresource/resource_iam_member.go:76,
google_billing_account_iam_policy,policy_data,DiffSuppressFunc,jsonPolicyDiffSuppress,Representation,Required,1.0,1.2,1.2,HandwrittenIAM,billing,true,google-beta/tpgiamresource/resource_iam_policy.go:34,
google_folder_iam_audit_config,audit_log_config,NestedBlock,TypeSet,NestedBlock,Required,4.0,1.0,4.0,HandwrittenIAM,resourcemanager,true,google-beta/tpgiamresource/resource_iam_audit_config.go:23,
